rainfall,temperature,irrigation,soil_type_Loamy,soil_type_Peaty,soil_type_Sandy,soil_type_Silty,fertilizer_use_Low,fertilizer_use_Medium,fertilizer_use_nan,season_Spring,season_Summer,season_Winter
0.11664955969081987,-0.656966680981723,1.0513149660756937,1.0,0.0,0.0,0.0,1.0,0.0,0.0,0.0,0.0,1.0
0.5373271545152966,0.27254166887688197,1.0513149660756937,0.0,0.0,0.0,1.0,0.0,0.0,0.0,0.0,1.0,0.0
0.8856462069322422,0.07336130819289537,1.0513149660756937,0.0,0.0,1.0,0.0,1.0,0.0,0.0,1.0,0.0,0.0
1.1466359840297524,-0.3747945033460746,-0.9511897312113419,1.0,0.0,0.0,0.0,0.0,0.0,1.0,0.0,1.0,0.0
-0.9612432099662027,0.1895498519252208,1.0513149660756937,1.0,0.0,0.0,0.0,0.0,1.0,0.0,0.0,0.0,0.0
0.6196661855307636,0.4717220295608685,-0.9511897312113419,0.0,0.0,0.0,1.0,0.0,0.0,1.0,0.0,0.0,0.0
-0.2925504732345313,-0.40799123012673955,-0.9511897312113419,0.0,0.0,0.0,1.0,0.0,1.0,0.0,0.0,1.0,0.0
1.2100120866901425,-1.785655391524314,-0.9511897312113419,0.0,0.0,0.0,0.0,1.0,0.0,0.0,1.0,0.0,0.0
-0.7097348970462309,-0.4743846836880682,-0.9511897312113419,1.0,0.0,0.0,0.0,1.0,0.0,0.0,0.0,0.0,0.0
0.27284420640500856,1.8991812811294395,-0.9511897312113419,0.0,1.0,0.0,0.0,0.0,0.0,0.0,0.0,0.0,0.0
-0.4707021948861783,-0.8893437684463739,-0.9511897312113419,1.0,0.0,0.0,0.0,0.0,0.0,0.0,0.0,0.0,0.0
0.40907787590332706,-0.20881086944275234,1.0513149660756937,0.0,0.0,0.0,1.0,1.0,0.0,0.0,1.0,0.0,0.0
-1.8175691325270598,-0.7897535881043802,-0.9511897312113419,0.0,1.0,0.0,0.0,0.0,1.0,0.0,0.0,0.0,1.0
0.2908090858992924,-0.524179773859065,-0.9511897312113419,0.0,1.0,0.0,0.0,0.0,0.0,1.0,0.0,1.0,0.0
2.290399978499149,-0.3249994131750784,1.0513149660756937,0.0,0.0,1.0,0.0,1.0,0.0,0.0,0.0,0.0,1.0
0.5977091105933058,0.0567629448025629,-0.9511897312113419,1.0,0.0,0.0,0.0,0.0,0.0,1.0,0.0,1.0,0.0
0.13461443918510368,-1.785655391524314,-0.9511897312113419,0.0,0.0,1.0,0.0,1.0,0.0,0.0,0.0,0.0,1.0
-1.3938973911202024,-1.785655391524314,1.0513149660756937,0.0,0.0,0.0,1.0,0.0,1.0,0.0,1.0,0.0,0.0
-0.8714188124947841,0.17295148853488837,1.0513149660756937,0.0,0.0,0.0,1.0,1.0,0.0,0.0,0.0,0.0,1.0
0.14758907437541924,-0.07602396232009502,-0.9511897312113419,0.0,1.0,0.0,0.0,1.0,0.0,0.0,0.0,0.0,1.0
0.525849592616171,0.1895498519252208,-0.9511897312113419,0.0,0.0,1.0,0.0,0.0,0.0,1.0,0.0,0.0,1.0
-0.8040505143912203,-0.059425598929762555,1.0513149660756937,0.0,0.0,1.0,0.0,1.0,0.0,0.0,1.0,0.0,0.0
-1.1299134674403113,1.334836925858144,-0.9511897312113419,0.0,1.0,0.0,0.0,1.0,0.0,0.0,0.0,0.0,1.0
-0.33945876969182753,-0.9225404952270382,-0.9511897312113419,1.0,0.0,0.0,0.0,1.0,0.0,0.0,0.0,1.0,0.0
0.9619969447829477,-0.5075814104687325,1.0513149660756937,0.0,0.0,1.0,0.0,0.0,0.0,0.0,0.0,1.0,0.0
0.22543688551731544,-0.524179773859065,-0.9511897312113419,1.0,0.0,0.0,0.0,0.0,0.0,1.0,0.0,1.0,0.0
0.1600646851353385,-0.2918026863944135,-0.9511897312113419,0.0,1.0,0.0,0.0,0.0,1.0,0.0,0.0,0.0,1.0
1.2374584303619647,-0.524179773859065,-0.9511897312113419,0.0,1.0,0.0,0.0,1.0,0.0,0.0,0.0,0.0,1.0
0.2663568888098508,0.8202876607578455,1.0513149660756937,0.0,0.0,0.0,1.0,0.0,0.0,1.0,1.0,0.0,0.0
-0.3898602371619014,-0.4909830470784006,-0.9511897312113419,1.0,0.0,0.0,0.0,0.0,0.0,0.0,1.0,0.0,0.0
1.5862765072093061,0.1563531251445565,-0.9511897312113419,0.0,0.0,1.0,0.0,1.0,0.0,0.0,0.0,1.0,0.0
-0.01958410980749861,-0.4245895935170714,1.0513149660756937,1.0,0.0,0.0,0.0,0.0,1.0,0.0,0.0,1.0,0.0
0.07772565411987149,0.7372958438061844,1.0513149660756937,0.0,0.0,1.0,0.0,0.0,0.0,0.0,0.0,0.0,0.0
-0.4577275596958622,-0.40799123012673955,-0.9511897312113419,1.0,0.0,0.0,0.0,0.0,0.0,1.0,0.0,0.0,1.0
-0.7296958742621017,1.4344271062001377,-0.9511897312113419,0.0,0.0,0.0,1.0,0.0,0.0,0.0,0.0,0.0,0.0
-0.35592657589492127,0.08995967158322724,-0.9511897312113419,1.0,0.0,0.0,0.0,0.0,0.0,0.0,0.0,0.0,0.0
-0.00760752347797568,-2.4661882905279353,-0.9511897312113419,0.0,0.0,0.0,0.0,0.0,0.0,1.0,0.0,1.0,0.0
-1.6903179027758835,-1.2213110362530184,1.0513149660756937,0.0,0.0,1.0,0.0,0.0,1.0,0.0,0.0,0.0,1.0
0.5323369102113288,0.0567629448025629,1.0513149660756937,0.0,1.0,0.0,0.0,1.0,0.0,0.0,0.0,0.0,0.0
0.4360251951447525,1.15225492856449,-0.9511897312113419,0.0,0.0,0.0,1.0,0.0,0.0,1.0,1.0,0.0,0.0
-0.11240265386129732,-0.6403683175913905,-0.9511897312113419,0.0,1.0,0.0,0.0,0.0,0.0,1.0,0.0,0.0,0.0
0.6007032571756865,0.803689297367513,1.0513149660756937,0.0,0.0,0.0,0.0,0.0,0.0,0.0,0.0,0.0,0.0
1.073279392761427,0.7040991170255201,-0.9511897312113419,0.0,1.0,0.0,0.0,0.0,0.0,1.0,0.0,0.0,1.0
-1.6029886274564487,0.20614821531555327,-0.9511897312113419,1.0,0.0,0.0,0.0,1.0,0.0,0.0,0.0,1.0,0.0
0.8262622997150261,-1.5532783040596627,1.0513149660756937,0.0,1.0,0.0,0.0,1.0,0.0,0.0,0.0,0.0,1.0
-0.5690100076743416,-0.44118795690740387,1.0513149660756937,0.0,0.0,0.0,0.0,0.0,0.0,1.0,1.0,0.0,0.0
1.0498252445327794,0.9198778410998385,-0.9511897312113419,0.0,1.0,0.0,0.0,0.0,0.0,1.0,0.0,1.0,0.0
-0.8349900290758202,-0.1258190524910912,-0.9511897312113419,0.0,0.0,1.0,0.0,0.0,1.0,0.0,1.0,0.0,0.0
-1.0056563842715152,-1.2877044898143473,1.0513149660756937,0.0,0.0,0.0,0.0,0.0,1.0,0.0,0.0,0.0,1.0
0.46995885641173263,1.0028696580514995,-0.9511897312113419,0.0,0.0,0.0,0.0,1.0,0.0,0.0,0.0,1.0,0.0
-1.4887120328955885,0.488320392951201,1.0513149660756937,0.0,0.0,0.0,0.0,0.0,0.0,0.0,0.0,0.0,0.0
0.903112061996129,1.3016401990774797,1.0513149660756937,0.0,0.0,1.0,0.0,0.0,1.0,0.0,0.0,0.0,1.0
-0.0305626472762272,-0.10922068910075935,-0.9511897312113419,0.0,0.0,0.0,1.0,0.0,0.0,1.0,0.0,0.0,1.0
0.5872295975549735,-0.8727454050560414,-0.9511897312113419,1.0,0.0,0.0,0.0,1.0,0.0,0.0,0.0,0.0,0.0
-0.2052211979150966,-0.14241741588142368,1.0513149660756937,0.0,0.0,0.0,1.0,0.0,0.0,0.0,0.0,0.0,1.0
-0.6817895289440117,0.6543040268545233,-0.9511897312113419,0.0,0.0,0.0,1.0,1.0,0.0,0.0,1.0,0.0,0.0
1.2564213587170419,0.3887302126092074,-0.9511897312113419,0.0,1.0,0.0,0.0,0.0,0.0,0.0,0.0,0.0,0.0
-0.9901866269292158,-0.2254092328330848,1.0513149660756937,1.0,0.0,0.0,0.0,1.0,0.0,0.0,1.0,0.0,0.0
-0.9492666236366804,0.08995967158322724,1.0513149660756937,0.0,0.0,0.0,0.0,0.0,1.0,0.0,0.0,1.0,0.0
-0.759138315655511,-0.8561470416657094,-0.9511897312113419,0.0,1.0,0.0,0.0,0.0,0.0,0.0,0.0,0.0,0.0
0.40358860716896244,-0.5739748640300618,-0.9511897312113419,0.0,1.0,0.0,0.0,0.0,0.0,1.0,0.0,1.0,0.0
1.895172629624907,0.40532857599953986,1.0513149660756937,0.0,1.0,0.0,0.0,1.0,0.0,0.0,0.0,1.0,0.0
0.08022077627185534,0.1563531251445565,1.0513149660756937,1.0,0.0,0.0,0.0,0.0,1.0,0.0,0.0,0.0,1.0
-0.6069358643844962,0.9032794777095067,-0.9511897312113419,0.0,1.0,0.0,0.0,0.0,0.0,0.0,1.0,0.0,0.0
-0.2581177875371543,0.1895498519252208,1.0513149660756937,0.0,0.0,1.0,0.0,1.0,0.0,0.0,0.0,0.0,0.0
0.7104886318629758,0.07336130819289537,1.0513149660756937,0.0,0.0,1.0,0.0,1.0,0.0,0.0,1.0,0.0,0.0
-1.155862737820943,-0.45778632029773575,1.0513149660756937,0.0,0.0,0.0,0.0,0.0,0.0,0.0,1.0,0.0,0.0
-1.8754559664530852,0.4551236661705367,-0.9511897312113419,1.0,0.0,0.0,0.0,0.0,0.0,1.0,0.0,1.0,0.0
1.5683116277150229,-0.6071715908107261,1.0513149660756937,1.0,0.0,0.0,0.0,0.0,0.0,1.0,1.0,0.0,0.0
-0.2795758380442152,0.7040991170255201,1.0513149660756937,0.0,0.0,1.0,0.0,1.0,0.0,0.0,1.0,0.0,0.0
0.6216622832523505,-1.0055323121786992,1.0513149660756937,0.0,0.0,0.0,1.0,0.0,1.0,0.0,0.0,1.0,0.0
0.2424037161508055,1.0858614750031608,-0.9511897312113419,0.0,1.0,0.0,0.0,0.0,0.0,0.0,1.0,0.0,0.0
0.6940208256598821,-0.1922125060524205,-0.9511897312113419,0.0,0.0,1.0,0.0,1.0,0.0,0.0,0.0,1.0,0.0
0.00836125829472061,1.0526647482224964,1.0513149660756937,1.0,0.0,0.0,0.0,0.0,0.0,0.0,0.0,0.0,0.0
1.3212945346686218,-0.7565568613237159,-0.9511897312113419,0.0,0.0,1.0,0.0,1.0,0.0,0.0,0.0,1.0,0.0
1.0104023145314345,1.0692631116128288,1.0513149660756937,1.0,0.0,0.0,0.0,0.0,0.0,0.0,0.0,0.0,1.0
0.4310349508407848,1.683402557055121,1.0513149660756937,0.0,1.0,0.0,0.0,1.0,0.0,0.0,0.0,0.0,0.0
1.2150023309941103,-1.0719257657400283,-0.9511897312113419,0.0,1.0,0.0,0.0,0.0,0.0,0.0,0.0,0.0,0.0
0.21096517703580922,1.235246745516151,1.0513149660756937,1.0,0.0,0.0,0.0,0.0,0.0,1.0,0.0,1.0,0.0
-0.06250021082162036,-0.1922125060524205,1.0513149660756937,0.0,0.0,1.0,0.0,0.0,0.0,1.0,0.0,1.0,0.0
-2.0815530562069506,-1.2213110362530184,-0.9511897312113419,0.0,0.0,0.0,1.0,0.0,0.0,1.0,0.0,0.0,0.0
0.031316382092972134,1.517418923151799,-0.9511897312113419,0.0,0.0,1.0,0.0,0.0,0.0,0.0,0.0,1.0,0.0
-0.22867534614374502,-0.5905732274203936,1.0513149660756937,0.0,0.0,1.0,0.0,1.0,0.0,0.0,1.0,0.0,0.0
-0.5410646395721229,0.6045089366835265,-0.9511897312113419,0.0,1.0,0.0,0.0,0.0,0.0,1.0,0.0,1.0,0.0
-0.43227731374562683,0.6045089366835265,1.0513149660756937,1.0,0.0,0.0,0.0,0.0,0.0,0.0,0.0,0.0,0.0
-0.47519341475974913,-1.5366799406693306,-0.9511897312113419,0.0,0.0,0.0,0.0,0.0,0.0,1.0,1.0,0.0,0.0
0.23940956956842532,-1.4038930335466728,1.0513149660756937,0.0,1.0,0.0,0.0,1.0,0.0,0.0,1.0,0.0,0.0
-1.5600725264423263,-0.09262232571042689,-0.9511897312113419,0.0,0.0,0.0,1.0,0.0,0.0,1.0,1.0,0.0,0.0
2.3857136447049316,-0.5075814104687325,-0.9511897312113419,0.0,0.0,1.0,0.0,0.0,0.0,1.0,0.0,0.0,1.0
-0.12936948449478794,0.8368860241481774,1.0513149660756937,0.0,0.0,0.0,1.0,0.0,0.0,0.0,1.0,0.0,0.0
-0.26161095854993194,-0.20881086944275234,1.0513149660756937,0.0,1.0,0.0,0.0,0.0,0.0,0.0,0.0,0.0,0.0
1.0737784171918239,-0.9557372220077025,-0.9511897312113419,0.0,0.0,0.0,0.0,0.0,0.0,1.0,0.0,1.0,0.0
-1.7242515640428637,-0.8229503148850451,-0.9511897312113419,0.0,0.0,0.0,0.0,0.0,0.0,0.0,1.0,0.0,0.0
0.3876198253962656,0.37213184921887554,-0.9511897312113419,0.0,0.0,0.0,0.0,0.0,1.0,0.0,0.0,0.0,1.0
0.8018101026255845,-0.026228872149098224,1.0513149660756937,0.0,1.0,0.0,0.0,1.0,0.0,0.0,0.0,0.0,1.0
-1.4248369058048016,1.8825829177391082,-0.9511897312113419,0.0,0.0,0.0,1.0,0.0,0.0,1.0,0.0,0.0,1.0
0.6535998467977442,-1.038729038959364,1.0513149660756937,0.0,0.0,0.0,0.0,0.0,1.0,0.0,0.0,1.0,0.0
-0.08096411474630105,0.5049187563415328,1.0513149660756937,0.0,0.0,0.0,0.0,1.0,0.0,0.0,0.0,0.0,0.0
0.662083262114489,0.5713122099028621,-0.9511897312113419,0.0,0.0,1.0,0.0,0.0,1.0,0.0,0.0,1.0,0.0
-0.8559490551524842,-1.5864750308403273,1.0513149660756937,1.0,0.0,0.0,0.0,1.0,0.0,0.0,0.0,0.0,0.0
-1.6444076551793807,-0.8893437684463739,-0.9511897312113419,0.0,0.0,1.0,0.0,1.0,0.0,0.0,1.0,0.0,0.0
-1.8734598687314978,-1.4038930335466728,1.0513149660756937,0.0,0.0,0.0,1.0,0.0,0.0,1.0,0.0,0.0,1.0
0.28332371944334084,-0.524179773859065,-0.9511897312113419,1.0,0.0,0.0,0.0,1.0,0.0,0.0,0.0,1.0,0.0
1.0662930507358723,1.2186483821258187,1.0513149660756937,1.0,0.0,0.0,0.0,0.0,0.0,1.0,0.0,0.0,1.0
0.8107925423727267,-0.3249994131750784,-0.9511897312113419,0.0,0.0,0.0,1.0,1.0,0.0,0.0,1.0,0.0,0.0
-0.6164173285620348,-1.4868848504983339,-0.9511897312113419,0.0,1.0,0.0,0.0,0.0,1.0,0.0,0.0,1.0,0.0
-0.8709197880643873,0.6709023902448551,-0.9511897312113419,0.0,0.0,0.0,1.0,0.0,0.0,1.0,1.0,0.0,0.0
-0.5655168366615646,-0.8893437684463739,1.0513149660756937,0.0,1.0,0.0,0.0,0.0,0.0,1.0,0.0,0.0,1.0
-0.381875846275553,0.35553348582854305,-0.9511897312113419,0.0,0.0,1.0,0.0,0.0,0.0,1.0,0.0,0.0,1.0
0.7089915585717852,-0.07602396232009502,-0.9511897312113419,0.0,0.0,0.0,1.0,0.0,0.0,1.0,0.0,0.0,1.0
-1.418349588209644,0.8202876607578455,-0.9511897312113419,0.0,0.0,1.0,0.0,0.0,0.0,1.0,0.0,0.0,1.0
-2.5221916282472985,-1.8188521183049784,1.0513149660756937,0.0,0.0,1.0,0.0,0.0,0.0,1.0,1.0,0.0,0.0
-1.1349037117442788,-0.9889339487883672,1.0513149660756937,0.0,0.0,0.0,0.0,0.0,0.0,1.0,0.0,1.0,0.0
0.529342763628948,1.1356565651741575,1.0513149660756937,0.0,0.0,1.0,0.0,0.0,0.0,0.0,1.0,0.0,0.0
1.143142813016975,-0.8561470416657094,-0.9511897312113419,0.0,0.0,0.0,0.0,0.0,0.0,1.0,0.0,1.0,0.0
0.3102710386847663,-0.24200759622341728,1.0513149660756937,0.0,1.0,0.0,0.0,1.0,0.0,0.0,0.0,1.0,0.0
0.6975139966726597,-0.1922125060524205,-0.9511897312113419,1.0,0.0,0.0,0.0,1.0,0.0,0.0,1.0,0.0,0.0
1.3257857545421932,0.5547138465125296,-0.9511897312113419,0.0,0.0,0.0,0.0,0.0,0.0,0.0,0.0,0.0,1.0
0.3092729898239731,-1.769057028133982,-0.9511897312113419,0.0,0.0,0.0,0.0,1.0,0.0,0.0,0.0,0.0,0.0
0.7209681449013081,-0.35819613995574273,1.0513149660756937,0.0,0.0,1.0,0.0,1.0,0.0,0.0,1.0,0.0,0.0
0.5522978874271997,0.587910573293194,1.0513149660756937,0.0,0.0,0.0,1.0,0.0,0.0,0.0,0.0,0.0,1.0
-0.20621924677589037,-1.188114309472354,-0.9511897312113419,1.0,0.0,0.0,0.0,0.0,1.0,0.0,1.0,0.0,0.0
-0.60793391324529,1.2186483821258187,-0.9511897312113419,1.0,0.0,0.0,0.0,0.0,0.0,0.0,0.0,1.0,0.0
-0.31849974361516353,-0.2254092328330848,-0.9511897312113419,0.0,0.0,1.0,0.0,0.0,0.0,1.0,0.0,0.0,1.0
1.1880550117526842,-0.3747945033460746,-0.9511897312113419,0.0,1.0,0.0,0.0,0.0,1.0,0.0,1.0,0.0,0.0
-0.22218802854858666,-1.4702864871080017,-0.9511897312113419,0.0,1.0,0.0,0.0,0.0,1.0,0.0,0.0,0.0,0.0
1.6416682189833482,-0.8063519514947127,-0.9511897312113419,0.0,1.0,0.0,0.0,1.0,0.0,0.0,0.0,1.0,0.0
0.8267613241454229,0.5713122099028621,-0.9511897312113419,0.0,0.0,0.0,1.0,1.0,0.0,0.0,0.0,0.0,0.0
-1.1319095651618982,-0.7565568613237159,1.0513149660756937,0.0,0.0,0.0,0.0,0.0,0.0,1.0,0.0,0.0,1.0
1.9834999538051354,-1.2047126728626862,1.0513149660756937,0.0,0.0,0.0,1.0,0.0,0.0,1.0,0.0,1.0,0.0
1.3098169727694964,0.7372958438061844,1.0513149660756937,0.0,1.0,0.0,0.0,0.0,0.0,0.0,0.0,0.0,1.0
0.12812712158994535,-1.1549175826916893,1.0513149660756937,0.0,0.0,0.0,0.0,0.0,0.0,1.0,0.0,1.0,0.0
-0.01958410980749861,1.251845108906483,1.0513149660756937,0.0,0.0,0.0,0.0,1.0,0.0,0.0,0.0,0.0,0.0
1.0138954855442117,-0.972335585398035,-0.9511897312113419,1.0,0.0,0.0,0.0,0.0,0.0,0.0,0.0,0.0,0.0
-0.057010942087256336,-0.7067617711527191,1.0513149660756937,0.0,0.0,1.0,0.0,0.0,1.0,0.0,0.0,0.0,1.0
-0.9337968662943804,-0.5905732274203936,-0.9511897312113419,0.0,0.0,0.0,0.0,0.0,0.0,1.0,0.0,1.0,0.0
-0.4118173120993592,-0.739958497933384,-0.9511897312113419,0.0,0.0,1.0,0.0,1.0,0.0,0.0,0.0,0.0,1.0
1.2269789173236318,1.1190582017838258,1.0513149660756937,0.0,0.0,1.0,0.0,0.0,1.0,0.0,0.0,0.0,1.0
1.0438369513680177,1.384632016029141,-0.9511897312113419,0.0,1.0,0.0,0.0,1.0,0.0,0.0,0.0,1.0,0.0
-0.7182183123629762,-0.4909830470784006,-0.9511897312113419,0.0,0.0,0.0,0.0,1.0,0.0,0.0,0.0,0.0,1.0
1.3327720965677474,1.9821730980811008,1.0513149660756937,0.0,1.0,0.0,0.0,0.0,0.0,0.0,0.0,1.0,0.0
-0.7366822162876564,-0.4245895935170714,-0.9511897312113419,0.0,0.0,0.0,0.0,0.0,1.0,0.0,0.0,0.0,1.0
-1.7931169354376182,-1.0055323121786992,-0.9511897312113419,0.0,1.0,0.0,0.0,0.0,1.0,0.0,0.0,1.0,0.0
-0.611926108688464,0.0567629448025629,-0.9511897312113419,1.0,0.0,0.0,0.0,0.0,1.0,0.0,0.0,1.0,0.0
-0.41531048311213675,1.716599283835786,-0.9511897312113419,0.0,0.0,0.0,0.0,0.0,1.0,0.0,0.0,1.0,0.0
-1.5530861844167718,1.6170091034937923,1.0513149660756937,0.0,0.0,0.0,0.0,0.0,0.0,1.0,0.0,0.0,1.0
2.2140492406484436,0.5215171197318653,-0.9511897312113419,1.0,0.0,0.0,0.0,1.0,0.0,0.0,0.0,0.0,1.0
-0.4662109750126075,0.587910573293194,1.0513149660756937,1.0,0.0,0.0,0.0,1.0,0.0,0.0,0.0,1.0,0.0
-0.9402841838895387,0.803689297367513,-0.9511897312113419,0.0,0.0,0.0,0.0,1.0,0.0,0.0,0.0,0.0,0.0
-1.117437856680392,-0.3084010497847459,1.0513149660756937,0.0,0.0,0.0,1.0,0.0,0.0,0.0,0.0,0.0,0.0
-0.7157231902109924,0.17295148853488837,-0.9511897312113419,0.0,0.0,0.0,1.0,0.0,0.0,0.0,0.0,1.0,0.0
-1.101968099338092,1.1190582017838258,-0.9511897312113419,1.0,0.0,0.0,0.0,0.0,0.0,0.0,0.0,1.0,0.0
-0.8709197880643873,0.23934494209621762,-0.9511897312113419,1.0,0.0,0.0,0.0,0.0,0.0,1.0,0.0,0.0,1.0
0.4210544622328494,1.285041835687148,1.0513149660756937,1.0,0.0,0.0,0.0,0.0,0.0,0.0,1.0,0.0,0.0
-0.4527373153918945,-0.7731552247140484,1.0513149660756937,1.0,0.0,0.0,0.0,1.0,0.0,0.0,1.0,0.0,0.0
-0.4741953658989554,0.5049187563415328,1.0513149660756937,0.0,0.0,0.0,0.0,0.0,0.0,0.0,1.0,0.0,0.0
0.12213882842518445,-0.7897535881043802,-0.9511897312113419,0.0,1.0,0.0,0.0,1.0,0.0,0.0,1.0,0.0,0.0
-0.07547484601193648,1.334836925858144,-0.9511897312113419,1.0,0.0,0.0,0.0,0.0,1.0,0.0,0.0,0.0,1.0
1.2055208668165711,0.2559433054865495,-0.9511897312113419,0.0,1.0,0.0,0.0,1.0,0.0,0.0,0.0,1.0,0.0
-0.051521673352891754,-0.14241741588142368,-0.9511897312113419,0.0,1.0,0.0,0.0,0.0,1.0,0.0,0.0,0.0,0.0
-1.795612057589602,-1.3706963067660085,-0.9511897312113419,0.0,0.0,1.0,0.0,0.0,0.0,1.0,0.0,1.0,0.0
-0.6019456200805285,-0.6735650443720548,1.0513149660756937,0.0,0.0,0.0,0.0,1.0,0.0,0.0,1.0,0.0,0.0
0.9270652346551738,-0.026228872149098224,-0.9511897312113419,0.0,0.0,1.0,0.0,0.0,0.0,0.0,0.0,0.0,0.0
-0.8464675909749457,-0.3084010497847459,-0.9511897312113419,0.0,0.0,0.0,0.0,1.0,0.0,0.0,1.0,0.0,0.0
-0.07497582158153959,-0.40799123012673955,-0.9511897312113419,0.0,0.0,0.0,1.0,0.0,0.0,1.0,0.0,0.0,1.0
-0.06649240626479484,-1.2379093996433506,1.0513149660756937,0.0,0.0,1.0,0.0,0.0,1.0,0.0,1.0,0.0,0.0
-0.7067407504638502,0.0567629448025629,1.0513149660756937,1.0,0.0,0.0,0.0,0.0,0.0,1.0,0.0,0.0,1.0
0.7309486335092436,-0.3415977765654103,-0.9511897312113419,0.0,1.0,0.0,0.0,0.0,0.0,1.0,1.0,0.0,0.0
1.420101371887182,0.42192693938987175,-0.9511897312113419,0.0,0.0,1.0,0.0,1.0,0.0,0.0,0.0,0.0,0.0
1.4590252774581298,-1.7358603013533171,1.0513149660756937,0.0,0.0,0.0,1.0,0.0,1.0,0.0,1.0,0.0,0.0
0.6985120455334535,1.384632016029141,-0.9511897312113419,1.0,0.0,0.0,0.0,0.0,0.0,1.0,1.0,0.0,0.0
-1.1179368811107884,1.0858614750031608,1.0513149660756937,0.0,0.0,0.0,0.0,0.0,0.0,0.0,0.0,0.0,0.0
0.39011494754824944,-0.35819613995574273,-0.9511897312113419,0.0,0.0,0.0,0.0,0.0,0.0,1.0,0.0,0.0,1.0
1.4176062497351982,-0.8893437684463739,-0.9511897312113419,0.0,0.0,0.0,0.0,1.0,0.0,0.0,1.0,0.0,0.0
-1.2646500636474391,-1.4038930335466728,1.0513149660756937,0.0,1.0,0.0,0.0,0.0,1.0,0.0,0.0,0.0,1.0
0.3187544540015116,-1.420491396937005,1.0513149660756937,1.0,0.0,0.0,0.0,0.0,1.0,0.0,0.0,0.0,1.0
-0.8175241740119333,-0.042827235539430096,1.0513149660756937,0.0,0.0,0.0,1.0,0.0,0.0,0.0,0.0,0.0,0.0
-0.9153329623697003,-0.14241741588142368,-0.9511897312113419,1.0,0.0,0.0,0.0,0.0,1.0,0.0,0.0,0.0,0.0
-1.10845541693325,-1.1549175826916893,-0.9511897312113419,1.0,0.0,0.0,0.0,0.0,0.0,1.0,1.0,0.0,0.0
1.0857550035213464,0.7704925705868487,1.0513149660756937,1.0,0.0,0.0,0.0,1.0,0.0,0.0,0.0,0.0,1.0
-0.5984524490677515,-1.7524586647436493,-0.9511897312113419,1.0,0.0,0.0,0.0,1.0,0.0,0.0,0.0,1.0,0.0
-0.18476119626882892,1.9821730980811008,1.0513149660756937,1.0,0.0,0.0,0.0,0.0,1.0,0.0,0.0,1.0,0.0
-0.00012215702202413362,1.0858614750031608,1.0513149660756937,0.0,0.0,1.0,0.0,1.0,0.0,0.0,0.0,0.0,0.0
0.3202515272927017,1.1854516553451544,1.0513149660756937,0.0,1.0,0.0,0.0,0.0,1.0,0.0,0.0,0.0,0.0
-0.5006436607099846,0.5215171197318653,-0.9511897312113419,0.0,1.0,0.0,0.0,0.0,0.0,0.0,1.0,0.0,0.0
1.3791813685946468,-0.623769954201058,1.0513149660756937,0.0,1.0,0.0,0.0,0.0,0.0,1.0,1.0,0.0,0.0
-0.5350763464073615,1.6336074668841243,-0.9511897312113419,0.0,1.0,0.0,0.0,0.0,0.0,0.0,0.0,0.0,0.0
1.4939569875859038,-0.5905732274203936,1.0513149660756937,0.0,0.0,0.0,1.0,1.0,0.0,0.0,0.0,0.0,0.0
0.8412330326269292,1.1688532919548218,-0.9511897312113419,0.0,0.0,0.0,0.0,0.0,0.0,0.0,0.0,0.0,0.0
-0.08745143234145883,0.4551236661705367,1.0513149660756937,0.0,0.0,0.0,1.0,0.0,1.0,0.0,0.0,1.0,0.0
-0.03355679385860793,0.7372958438061844,1.0513149660756937,1.0,0.0,0.0,0.0,1.0,0.0,0.0,1.0,0.0,0.0
-0.360916820198889,0.0567629448025629,-0.9511897312113419,1.0,0.0,0.0,0.0,0.0,0.0,0.0,0.0,0.0,0.0
-0.17228558550890968,1.1356565651741575,1.0513149660756937,0.0,0.0,0.0,1.0,1.0,0.0,0.0,1.0,0.0,0.0
1.355228195935602,0.5381154831221978,-0.9511897312113419,0.0,0.0,0.0,1.0,0.0,1.0,0.0,0.0,0.0,1.0
0.6111827702140188,0.23934494209621762,-0.9511897312113419,0.0,0.0,1.0,0.0,1.0,0.0,0.0,0.0,0.0,1.0
-0.3619148690596822,0.621107300073859,1.0513149660756937,0.0,0.0,0.0,0.0,0.0,0.0,0.0,0.0,0.0,0.0
0.575752035655848,0.8866811143191742,-0.9511897312113419,0.0,0.0,0.0,1.0,0.0,1.0,0.0,0.0,0.0,0.0
-0.37089730880682437,-0.026228872149098224,1.0513149660756937,0.0,1.0,0.0,0.0,0.0,0.0,0.0,0.0,1.0,0.0
1.2414506258051388,0.40532857599953986,1.0513149660756937,0.0,0.0,1.0,0.0,0.0,0.0,0.0,0.0,0.0,0.0
-0.5181095157738714,-0.4743846836880682,1.0513149660756937,1.0,0.0,0.0,0.0,0.0,0.0,1.0,0.0,0.0,0.0
-1.5016866680859045,0.5381154831221978,-0.9511897312113419,0.0,0.0,0.0,0.0,0.0,1.0,0.0,0.0,1.0,0.0
-0.23416461487810958,0.02356621802189857,-0.9511897312113419,1.0,0.0,0.0,0.0,0.0,0.0,0.0,0.0,0.0,1.0
-2.876498973829005,-0.972335585398035,1.0513149660756937,0.0,0.0,0.0,0.0,0.0,1.0,0.0,0.0,1.0,0.0
-2.0571008591175093,-0.3415977765654103,-0.9511897312113419,0.0,0.0,0.0,0.0,1.0,0.0,0.0,1.0,0.0,0.0
-1.7836354712600793,0.1563531251445565,-0.9511897312113419,0.0,0.0,0.0,0.0,0.0,0.0,1.0,1.0,0.0,0.0
0.6166720389483827,0.6377056634641908,-0.9511897312113419,0.0,0.0,0.0,0.0,1.0,0.0,0.0,1.0,0.0,0.0
1.330775998846161,0.17295148853488837,1.0513149660756937,0.0,0.0,0.0,0.0,0.0,0.0,1.0,0.0,1.0,0.0
1.9056521426632387,0.07336130819289537,-0.9511897312113419,1.0,0.0,0.0,0.0,1.0,0.0,0.0,0.0,0.0,0.0
1.3083198994783063,0.1563531251445565,-0.9511897312113419,0.0,0.0,1.0,0.0,0.0,0.0,0.0,1.0,0.0,0.0
-1.4757373977052723,0.7538942071965162,-0.9511897312113419,0.0,0.0,0.0,1.0,0.0,1.0,0.0,0.0,0.0,0.0
0.5767500845166412,1.8825829177391082,-0.9511897312113419,1.0,0.0,0.0,0.0,0.0,1.0,0.0,1.0,0.0,0.0
-1.268642259090613,-0.972335585398035,-0.9511897312113419,0.0,1.0,0.0,0.0,1.0,0.0,0.0,0.0,0.0,0.0
1.017887680987386,1.0526647482224964,-0.9511897312113419,0.0,1.0,0.0,0.0,0.0,0.0,1.0,1.0,0.0,0.0
-0.3649090156420629,0.9696729312708353,1.0513149660756937,1.0,0.0,0.0,0.0,0.0,1.0,0.0,0.0,0.0,0.0
0.1635578561481161,-0.3084010497847459,-0.9511897312113419,0.0,0.0,0.0,1.0,0.0,0.0,0.0,0.0,0.0,1.0
-0.0405431358841626,-1.0553274023496961,-0.9511897312113419,0.0,0.0,1.0,0.0,0.0,1.0,0.0,0.0,1.0,0.0
-0.5410646395721229,0.17295148853488837,-0.9511897312113419,0.0,0.0,1.0,0.0,1.0,0.0,0.0,0.0,0.0,0.0
-0.42578999615046903,-0.3747945033460746,-0.9511897312113419,0.0,0.0,0.0,0.0,0.0,0.0,1.0,0.0,1.0,0.0
1.5668145544238328,-0.15901577927175614,1.0513149660756937,0.0,1.0,0.0,0.0,0.0,0.0,0.0,0.0,0.0,1.0
-1.699799366953422,0.20614821531555327,1.0513149660756937,1.0,0.0,0.0,0.0,1.0,0.0,0.0,1.0,0.0,0.0
0.5987071594540996,2.413730546229739,1.0513149660756937,0.0,1.0,0.0,0.0,0.0,0.0,1.0,0.0,0.0,1.0
-1.3235349464342576,-0.2918026863944135,-0.9511897312113419,0.0,0.0,1.0,0.0,0.0,1.0,0.0,0.0,0.0,0.0
-0.3968465791874561,-0.8727454050560414,-0.9511897312113419,0.0,0.0,1.0,0.0,0.0,0.0,1.0,1.0,0.0,0.0
-0.6653217227409185,0.5049187563415328,1.0513149660756937,1.0,0.0,0.0,0.0,0.0,0.0,0.0,0.0,1.0,0.0
1.0363515849120661,0.006967854631566108,1.0513149660756937,0.0,1.0,0.0,0.0,1.0,0.0,0.0,0.0,0.0,1.0
2.0348994701360024,-1.4038930335466728,1.0513149660756937,1.0,0.0,0.0,0.0,0.0,1.0,0.0,0.0,0.0,1.0
-1.2541705506091068,0.02356621802189857,-0.9511897312113419,1.0,0.0,0.0,0.0,1.0,0.0,0.0,0.0,1.0,0.0
0.07473150753749133,-0.5573765006397293,-0.9511897312113419,0.0,0.0,0.0,1.0,0.0,0.0,0.0,0.0,0.0,1.0
1.2908540444144194,-0.14241741588142368,-0.9511897312113419,0.0,0.0,1.0,0.0,0.0,1.0,0.0,0.0,0.0,1.0
1.7968648168367432,0.23934494209621762,1.0513149660756937,0.0,0.0,1.0,0.0,0.0,0.0,0.0,0.0,1.0,0.0
0.9011159642745415,0.4385253027802042,1.0513149660756937,0.0,0.0,1.0,0.0,1.0,0.0,0.0,0.0,1.0,0.0
0.4599783678037972,0.02356621802189857,1.0513149660756937,0.0,0.0,0.0,0.0,1.0,0.0,0.0,1.0,0.0,0.0
1.4031345412536926,-1.121720855911025,1.0513149660756937,0.0,0.0,0.0,1.0,1.0,0.0,0.0,1.0,0.0,0.0
-1.0435822409816697,-0.7233601345430516,-0.9511897312113419,0.0,0.0,0.0,0.0,0.0,0.0,0.0,0.0,0.0,0.0
-1.9702706082284713,-1.9350406620373042,-0.9511897312113419,1.0,0.0,0.0,0.0,0.0,1.0,0.0,0.0,1.0,0.0
0.7698725390801914,1.0526647482224964,-0.9511897312113419,0.0,0.0,0.0,1.0,0.0,0.0,0.0,0.0,1.0,0.0
0.6685705797096473,-0.3084010497847459,-0.9511897312113419,0.0,1.0,0.0,0.0,0.0,0.0,0.0,0.0,1.0,0.0
0.859197912121213,1.1190582017838258,1.0513149660756937,0.0,0.0,1.0,0.0,0.0,1.0,0.0,0.0,0.0,0.0
-1.5106691078330463,0.7040991170255201,-0.9511897312113419,0.0,1.0,0.0,0.0,0.0,0.0,0.0,1.0,0.0,0.0
-1.524641791884156,1.3016401990774797,-0.9511897312113419,0.0,0.0,1.0,0.0,1.0,0.0,0.0,1.0,0.0,0.0
-0.6967602618559148,1.3182385624678123,1.0513149660756937,1.0,0.0,0.0,0.0,1.0,0.0,0.0,0.0,0.0,1.0
-0.21719778424461897,0.17295148853488837,1.0513149660756937,1.0,0.0,0.0,0.0,0.0,0.0,0.0,1.0,0.0,0.0
0.2763373774177862,1.15225492856449,-0.9511897312113419,0.0,0.0,1.0,0.0,0.0,0.0,0.0,0.0,1.0,0.0
-0.4332753626064206,1.3016401990774797,1.0513149660756937,0.0,0.0,0.0,1.0,1.0,0.0,0.0,0.0,1.0,0.0
0.6825432637607566,-0.739958497933384,-0.9511897312113419,1.0,0.0,0.0,0.0,0.0,0.0,0.0,1.0,0.0,0.0
-0.5480509815976776,-0.2254092328330848,1.0513149660756937,0.0,0.0,0.0,1.0,1.0,0.0,0.0,0.0,0.0,1.0
1.5668145544238328,1.384632016029141,-0.9511897312113419,0.0,0.0,0.0,0.0,1.0,0.0,0.0,0.0,0.0,0.0
-0.26111193411953504,-0.15901577927175614,1.0513149660756937,0.0,0.0,0.0,0.0,1.0,0.0,0.0,0.0,0.0,0.0
0.2608676200754862,1.1024598383934932,1.0513149660756937,0.0,1.0,0.0,0.0,0.0,0.0,0.0,0.0,0.0,0.0
0.3092729898239731,1.1356565651741575,1.0513149660756937,0.0,1.0,0.0,0.0,0.0,0.0,0.0,1.0,0.0,0.0
1.6192121196154936,-0.6071715908107261,1.0513149660756937,1.0,0.0,0.0,0.0,1.0,0.0,0.0,1.0,0.0,0.0
-0.5111231737483168,-0.40799123012673955,1.0513149660756937,0.0,0.0,0.0,1.0,1.0,0.0,0.0,0.0,0.0,1.0
-0.8968690584450195,0.07336130819289537,1.0513149660756937,0.0,0.0,1.0,0.0,0.0,0.0,1.0,1.0,0.0,0.0
-0.8075436854039979,-0.8229503148850451,1.0513149660756937,1.0,0.0,0.0,0.0,0.0,1.0,0.0,0.0,0.0,1.0
-1.4542793471982116,0.6377056634641908,-0.9511897312113419,0.0,1.0,0.0,0.0,0.0,0.0,0.0,1.0,0.0,0.0
0.265358839949057,0.12315639836389215,1.0513149660756937,0.0,0.0,0.0,0.0,0.0,1.0,0.0,0.0,0.0,1.0
1.0074081679490539,-1.2047126728626862,1.0513149660756937,0.0,0.0,0.0,0.0,0.0,0.0,1.0,0.0,0.0,1.0
1.393154052645757,-0.2254092328330848,1.0513149660756937,0.0,0.0,1.0,0.0,1.0,0.0,0.0,1.0,0.0,0.0
2.175624359507892,-0.20881086944275234,1.0513149660756937,0.0,0.0,0.0,0.0,0.0,1.0,0.0,0.0,1.0,0.0
-0.4567295108350684,1.1190582017838258,1.0513149660756937,0.0,0.0,1.0,0.0,0.0,0.0,0.0,0.0,0.0,0.0
1.081263783647776,2.0817632784230944,-0.9511897312113419,0.0,0.0,1.0,0.0,0.0,0.0,1.0,0.0,1.0,0.0
-0.10541631183574265,1.45102546959047,-0.9511897312113419,1.0,0.0,0.0,0.0,0.0,0.0,0.0,0.0,0.0,1.0
-1.5226456941625688,0.6709023902448551,-0.9511897312113419,0.0,1.0,0.0,0.0,0.0,0.0,0.0,1.0,0.0,0.0
-0.23566168816929967,-0.7897535881043802,1.0513149660756937,1.0,0.0,0.0,0.0,0.0,0.0,0.0,0.0,1.0,0.0
0.30328469665921165,-0.24200759622341728,1.0513149660756937,0.0,0.0,1.0,0.0,0.0,0.0,0.0,1.0,0.0,0.0
-2.3555174684947775,-1.0055323121786992,-0.9511897312113419,1.0,0.0,0.0,0.0,0.0,0.0,0.0,0.0,1.0,0.0
-0.15032851057145194,-1.0885241291303605,1.0513149660756937,0.0,0.0,0.0,0.0,1.0,0.0,0.0,0.0,1.0,0.0
-1.1354027361746752,-2.2670079298439485,1.0513149660756937,1.0,0.0,0.0,0.0,0.0,1.0,0.0,0.0,0.0,1.0
-0.4572285352654653,1.334836925858144,-0.9511897312113419,0.0,0.0,0.0,1.0,1.0,0.0,0.0,0.0,0.0,0.0
0.7329447312308305,-0.3747945033460746,1.0513149660756937,1.0,0.0,0.0,0.0,0.0,0.0,0.0,0.0,0.0,0.0
-1.3275271418774317,0.08995967158322724,-0.9511897312113419,0.0,0.0,1.0,0.0,0.0,0.0,1.0,1.0,0.0,0.0
-2.660421395467204,-1.8022537549146462,1.0513149660756937,1.0,0.0,0.0,0.0,0.0,0.0,1.0,1.0,0.0,0.0
0.8971237688313676,-0.2918026863944135,1.0513149660756937,0.0,0.0,0.0,1.0,0.0,0.0,1.0,1.0,0.0,0.0
0.026326137789004434,-1.038729038959364,1.0513149660756937,0.0,0.0,1.0,0.0,1.0,0.0,0.0,1.0,0.0,0.0
1.2678989206161673,-1.9848357522083007,1.0513149660756937,0.0,0.0,1.0,0.0,1.0,0.0,0.0,1.0,0.0,0.0
-1.2960886027624354,0.3057383956575463,1.0513149660756937,0.0,0.0,0.0,1.0,0.0,0.0,0.0,0.0,0.0,1.0
-0.6872787976783763,0.9696729312708353,1.0513149660756937,0.0,0.0,1.0,0.0,0.0,0.0,0.0,0.0,1.0,0.0
0.20048566399747694,-0.44118795690740387,1.0513149660756937,0.0,0.0,0.0,0.0,0.0,0.0,1.0,1.0,0.0,0.0
0.11814663298200995,-0.6403683175913905,-0.9511897312113419,0.0,0.0,0.0,0.0,0.0,0.0,0.0,0.0,1.0,0.0
-0.1228821668996296,0.803689297367513,-0.9511897312113419,0.0,1.0,0.0,0.0,1.0,0.0,0.0,1.0,0.0,0.0
-1.385413975803457,1.5008205597614663,-0.9511897312113419,0.0,1.0,0.0,0.0,0.0,0.0,1.0,1.0,0.0,0.0
1.2698950183377549,0.936476204490171,1.0513149660756937,0.0,0.0,0.0,0.0,0.0,0.0,1.0,0.0,0.0,0.0
2.0034609310210065,-0.972335585398035,-0.9511897312113419,0.0,1.0,0.0,0.0,1.0,0.0,0.0,0.0,0.0,0.0
-1.4797295931484467,1.1024598383934932,1.0513149660756937,0.0,0.0,0.0,1.0,1.0,0.0,0.0,0.0,1.0,0.0
0.40907787590332706,-0.972335585398035,-0.9511897312113419,0.0,0.0,0.0,1.0,0.0,0.0,1.0,0.0,1.0,0.0
-1.997217927469897,-0.9557372220077025,-0.9511897312113419,0.0,1.0,0.0,0.0,0.0,0.0,1.0,0.0,0.0,1.0
-0.6977583107167086,-1.8354504816953106,-0.9511897312113419,0.0,0.0,0.0,0.0,1.0,0.0,0.0,0.0,0.0,0.0
0.8132876645247106,1.0028696580514995,1.0513149660756937,0.0,0.0,1.0,0.0,1.0,0.0,0.0,1.0,0.0,0.0
-1.8405242563253112,1.251845108906483,1.0513149660756937,0.0,0.0,0.0,1.0,1.0,0.0,0.0,0.0,0.0,0.0
-1.332018361751003,0.42192693938987175,-0.9511897312113419,0.0,0.0,1.0,0.0,1.0,0.0,0.0,0.0,0.0,1.0
1.5313838198656615,-0.09262232571042689,-0.9511897312113419,0.0,0.0,1.0,0.0,0.0,0.0,0.0,0.0,1.0,0.0
1.2110101355509362,0.35553348582854305,1.0513149660756937,0.0,1.0,0.0,0.0,1.0,0.0,0.0,0.0,0.0,1.0
0.2663568888098508,0.4385253027802042,1.0513149660756937,1.0,0.0,0.0,0.0,0.0,0.0,0.0,0.0,0.0,0.0
0.5098808108434741,-0.9391388586173706,-0.9511897312113419,0.0,0.0,0.0,1.0,0.0,0.0,0.0,0.0,1.0,0.0
0.017842722472259123,-1.9682373888179685,1.0513149660756937,1.0,0.0,0.0,0.0,0.0,0.0,1.0,0.0,0.0,0.0
-2.001210122913071,0.8202876607578455,-0.9511897312113419,1.0,0.0,0.0,0.0,1.0,0.0,0.0,0.0,0.0,0.0
-0.8379841756582009,0.8202876607578455,-0.9511897312113419,0.0,0.0,1.0,0.0,0.0,0.0,1.0,0.0,0.0,1.0
0.8811549870586708,-0.3084010497847459,-0.9511897312113419,0.0,0.0,0.0,0.0,0.0,1.0,0.0,0.0,0.0,1.0
-0.08695240791106253,-1.3209012165950116,-0.9511897312113419,0.0,0.0,0.0,1.0,1.0,0.0,0.0,0.0,0.0,0.0
1.2673998961857709,0.08995967158322724,1.0513149660756937,0.0,0.0,1.0,0.0,0.0,0.0,0.0,0.0,1.0,0.0
-1.0994729771861083,-0.44118795690740387,-0.9511897312113419,0.0,1.0,0.0,0.0,0.0,0.0,1.0,0.0,1.0,0.0
-0.4382656069103883,-0.2254092328330848,-0.9511897312113419,0.0,0.0,0.0,1.0,1.0,0.0,0.0,0.0,1.0,0.0
-0.08645338348066564,0.13975476175422402,-0.9511897312113419,0.0,0.0,1.0,0.0,0.0,1.0,0.0,0.0,1.0,0.0
-1.002662237689135,0.6543040268545233,1.0513149660756937,1.0,0.0,0.0,0.0,1.0,0.0,0.0,0.0,1.0,0.0
-0.06599338183439797,0.488320392951201,1.0513149660756937,0.0,0.0,0.0,1.0,0.0,0.0,0.0,0.0,1.0,0.0
0.6775530194567889,0.22274657870588516,-0.9511897312113419,0.0,0.0,1.0,0.0,1.0,0.0,0.0,0.0,0.0,1.0
-1.0336017523737344,-0.7731552247140484,-0.9511897312113419,0.0,1.0,0.0,0.0,1.0,0.0,0.0,0.0,0.0,1.0
-0.7566431935035272,-1.0055323121786992,-0.9511897312113419,0.0,0.0,0.0,0.0,0.0,0.0,0.0,0.0,0.0,0.0
0.31576030741913086,-1.0719257657400283,-0.9511897312113419,0.0,0.0,0.0,0.0,0.0,0.0,1.0,0.0,1.0,0.0
0.376641287927537,-0.059425598929762555,-0.9511897312113419,0.0,0.0,1.0,0.0,1.0,0.0,0.0,0.0,0.0,0.0
0.3711520191931724,-0.7897535881043802,1.0513149660756937,0.0,1.0,0.0,0.0,0.0,0.0,0.0,1.0,0.0,0.0
0.31426323412794077,0.9032794777095067,-0.9511897312113419,1.0,0.0,0.0,0.0,0.0,0.0,1.0,1.0,0.0,0.0
0.041296870700907526,-1.5864750308403273,-0.9511897312113419,0.0,0.0,1.0,0.0,0.0,0.0,0.0,0.0,0.0,0.0
-0.360916820198889,-1.2379093996433506,-0.9511897312113419,0.0,0.0,1.0,0.0,1.0,0.0,0.0,0.0,0.0,0.0
0.030817357662575248,0.20614821531555327,1.0513149660756937,1.0,0.0,0.0,0.0,0.0,0.0,1.0,0.0,1.0,0.0
-0.47619146362054293,1.5340172865421313,-0.9511897312113419,1.0,0.0,0.0,0.0,0.0,1.0,0.0,0.0,0.0,1.0
0.3392144556477793,0.4551236661705367,-0.9511897312113419,0.0,0.0,1.0,0.0,0.0,0.0,1.0,1.0,0.0,0.0
-2.2771706329224846,-1.785655391524314,-0.9511897312113419,0.0,0.0,0.0,0.0,0.0,0.0,0.0,0.0,0.0,0.0
-0.2576187631067574,0.42192693938987175,-0.9511897312113419,0.0,0.0,0.0,1.0,0.0,0.0,1.0,0.0,0.0,0.0
1.0014198747842924,-0.009630508758765763,1.0513149660756937,0.0,0.0,0.0,1.0,1.0,0.0,0.0,0.0,0.0,0.0
0.05227540816963669,0.5381154831221978,1.0513149660756937,0.0,0.0,1.0,0.0,0.0,1.0,0.0,0.0,0.0,1.0
-1.4632617869453532,-0.4909830470784006,1.0513149660756937,0.0,1.0,0.0,0.0,1.0,0.0,0.0,1.0,0.0,0.0
-0.0016192303132147833,1.1190582017838258,1.0513149660756937,1.0,0.0,0.0,0.0,0.0,0.0,0.0,0.0,0.0,1.0
-0.7766041707193979,-1.8188521183049784,-0.9511897312113419,0.0,1.0,0.0,0.0,1.0,0.0,0.0,0.0,1.0,0.0
1.5044365006242366,0.7372958438061844,1.0513149660756937,0.0,0.0,1.0,0.0,1.0,0.0,0.0,0.0,0.0,1.0
-0.10641436069653643,2.3639354560587424,-0.9511897312113419,1.0,0.0,0.0,0.0,1.0,0.0,0.0,0.0,0.0,1.0
-1.4248369058048016,-1.8022537549146462,-0.9511897312113419,0.0,0.0,1.0,0.0,0.0,0.0,1.0,1.0,0.0,0.0
0.7608900993330497,0.20614821531555327,1.0513149660756937,0.0,0.0,0.0,0.0,1.0,0.0,0.0,0.0,1.0,0.0
1.1361564709914207,2.795492904207381,-0.9511897312113419,0.0,0.0,0.0,0.0,0.0,0.0,1.0,0.0,1.0,0.0
0.3851247032442818,-0.839548678275377,1.0513149660756937,0.0,0.0,0.0,0.0,1.0,0.0,0.0,0.0,1.0,0.0
-1.1468802980738013,0.02356621802189857,1.0513149660756937,0.0,0.0,0.0,1.0,0.0,1.0,0.0,0.0,0.0,0.0
-0.4557314619742752,0.6709023902448551,-0.9511897312113419,1.0,0.0,0.0,0.0,0.0,0.0,0.0,0.0,1.0,0.0
0.7159779005973405,-0.15901577927175614,-0.9511897312113419,0.0,0.0,1.0,0.0,0.0,1.0,0.0,0.0,1.0,0.0
0.129624194881136,-0.17561414266208802,-0.9511897312113419,0.0,0.0,0.0,0.0,0.0,1.0,0.0,0.0,0.0,0.0
0.20996712817501548,0.1563531251445565,1.0513149660756937,0.0,0.0,1.0,0.0,0.0,0.0,0.0,1.0,0.0,0.0
0.09419346032296523,0.803689297367513,1.0513149660756937,0.0,1.0,0.0,0.0,0.0,0.0,0.0,0.0,1.0,0.0
-0.1523246082930389,1.5838123767131276,1.0513149660756937,0.0,0.0,1.0,0.0,0.0,0.0,0.0,0.0,0.0,1.0
0.3107700631151632,0.07336130819289537,-0.9511897312113419,0.0,1.0,0.0,0.0,0.0,0.0,1.0,0.0,1.0,0.0
0.3432066510909532,0.02356621802189857,-0.9511897312113419,0.0,1.0,0.0,0.0,0.0,1.0,0.0,1.0,0.0,0.0
-0.297540717538499,-0.2918026863944135,1.0513149660756937,0.0,0.0,0.0,1.0,1.0,0.0,0.0,1.0,0.0,0.0
0.991439386176357,0.9032794777095067,-0.9511897312113419,0.0,0.0,1.0,0.0,0.0,0.0,0.0,0.0,0.0,1.0
-0.4482460955183237,0.006967854631566108,1.0513149660756937,0.0,0.0,0.0,0.0,1.0,0.0,0.0,0.0,1.0,0.0
-1.4612656892237663,-0.6071715908107261,-0.9511897312113419,1.0,0.0,0.0,0.0,1.0,0.0,0.0,0.0,0.0,0.0
0.7628861970546367,0.3887302126092074,-0.9511897312113419,0.0,0.0,1.0,0.0,0.0,0.0,0.0,1.0,0.0,0.0
0.4904188580580003,-0.2752043230040816,1.0513149660756937,1.0,0.0,0.0,0.0,0.0,0.0,0.0,0.0,0.0,1.0
-0.7426705094524179,0.13975476175422402,1.0513149660756937,0.0,0.0,0.0,1.0,0.0,0.0,0.0,0.0,1.0,0.0
0.33522226020460477,0.803689297367513,1.0513149660756937,0.0,0.0,0.0,1.0,0.0,0.0,0.0,0.0,1.0,0.0
1.2888579466928318,-0.20881086944275234,1.0513149660756937,0.0,0.0,0.0,1.0,0.0,1.0,0.0,0.0,1.0,0.0
-0.6927680664127408,-0.20881086944275234,1.0513149660756937,0.0,1.0,0.0,0.0,0.0,0.0,1.0,0.0,0.0,0.0
-0.5969553757765609,-1.6030733942306596,-0.9511897312113419,0.0,1.0,0.0,0.0,0.0,0.0,0.0,0.0,0.0,1.0
-0.2835680334873897,-0.042827235539430096,-0.9511897312113419,0.0,0.0,0.0,0.0,1.0,0.0,0.0,0.0,0.0,1.0
2.24698485305463,-0.17561414266208802,-0.9511897312113419,1.0,0.0,0.0,0.0,0.0,0.0,0.0,1.0,0.0,0.0
1.4046316145448827,0.5381154831221978,1.0513149660756937,0.0,0.0,0.0,0.0,0.0,0.0,0.0,0.0,0.0,1.0
-0.5016417095707777,1.467623832980802,1.0513149660756937,0.0,0.0,0.0,1.0,1.0,0.0,0.0,0.0,1.0,0.0
-0.3484412094389697,-0.6735650443720548,-0.9511897312113419,1.0,0.0,0.0,0.0,0.0,0.0,0.0,0.0,0.0,0.0
0.13311736589391304,-0.35819613995574273,1.0513149660756937,1.0,0.0,0.0,0.0,0.0,0.0,0.0,0.0,0.0,1.0
0.6371320405946505,0.7372958438061844,-0.9511897312113419,0.0,0.0,0.0,0.0,0.0,0.0,1.0,0.0,0.0,1.0
0.3716510436235693,-0.042827235539430096,1.0513149660756937,0.0,0.0,1.0,0.0,0.0,0.0,1.0,0.0,0.0,0.0
1.4520389354325758,-1.271106126424015,1.0513149660756937,0.0,0.0,0.0,0.0,0.0,0.0,0.0,0.0,0.0,0.0
2.071827277985364,0.6543040268545233,1.0513149660756937,0.0,0.0,1.0,0.0,0.0,0.0,0.0,1.0,0.0,0.0
-0.42578999615046903,0.13975476175422402,-0.9511897312113419,0.0,0.0,0.0,0.0,1.0,0.0,0.0,0.0,1.0,0.0
0.46746373425974874,-0.8893437684463739,1.0513149660756937,0.0,0.0,0.0,1.0,0.0,0.0,0.0,0.0,1.0,0.0
0.705997411989405,-1.420491396937005,-0.9511897312113419,0.0,0.0,0.0,1.0,0.0,1.0,0.0,0.0,0.0,1.0
-0.5420626884329162,0.0567629448025629,1.0513149660756937,0.0,1.0,0.0,0.0,0.0,0.0,0.0,0.0,0.0,1.0
0.2908090858992924,0.3389351224382106,-0.9511897312113419,0.0,1.0,0.0,0.0,0.0,0.0,0.0,0.0,0.0,0.0
-0.3619148690596822,-0.1258190524910912,1.0513149660756937,0.0,1.0,0.0,0.0,0.0,0.0,1.0,0.0,0.0,0.0
-0.1423441196851035,-2.3997948369666062,1.0513149660756937,0.0,0.0,0.0,0.0,0.0,0.0,1.0,1.0,0.0,0.0
-0.026071427402656385,-0.6403683175913905,1.0513149660756937,0.0,0.0,0.0,1.0,0.0,0.0,0.0,1.0,0.0,0.0
0.45698422122141646,-0.14241741588142368,1.0513149660756937,0.0,0.0,1.0,0.0,0.0,1.0,0.0,0.0,1.0,0.0
1.6855823688582638,-0.623769954201058,1.0513149660756937,0.0,0.0,1.0,0.0,0.0,0.0,1.0,0.0,0.0,1.0
0.29879347678564083,-0.1922125060524205,-0.9511897312113419,0.0,1.0,0.0,0.0,0.0,1.0,0.0,0.0,1.0,0.0
0.07572955639828452,0.621107300073859,1.0513149660756937,0.0,0.0,1.0,0.0,0.0,1.0,0.0,0.0,0.0,0.0
-1.4457959318814662,1.15225492856449,1.0513149660756937,0.0,1.0,0.0,0.0,0.0,0.0,1.0,0.0,0.0,0.0
-1.086498341995792,0.936476204490171,-0.9511897312113419,0.0,1.0,0.0,0.0,0.0,0.0,0.0,0.0,1.0,0.0
0.2169534702005707,-1.0719257657400283,1.0513149660756937,0.0,0.0,0.0,0.0,0.0,0.0,0.0,0.0,0.0,0.0
-2.6239926120482395,1.285041835687148,1.0513149660756937,0.0,0.0,0.0,1.0,0.0,0.0,1.0,0.0,0.0,1.0
1.68458431999747,-1.769057028133982,-0.9511897312113419,1.0,0.0,0.0,0.0,0.0,0.0,0.0,0.0,0.0,0.0
-0.2780787647530251,-0.45778632029773575,-0.9511897312113419,1.0,0.0,0.0,0.0,1.0,0.0,0.0,0.0,0.0,0.0
-0.050024600061701105,0.8700827509288422,1.0513149660756937,0.0,0.0,0.0,0.0,1.0,0.0,0.0,0.0,0.0,0.0
-0.9357929640159673,0.587910573293194,1.0513149660756937,0.0,0.0,0.0,1.0,0.0,0.0,1.0,1.0,0.0,0.0
-0.3983436524786467,0.587910573293194,-0.9511897312113419,1.0,0.0,0.0,0.0,0.0,1.0,0.0,0.0,1.0,0.0
1.8851921410169716,0.3389351224382106,1.0513149660756937,0.0,0.0,0.0,1.0,1.0,0.0,0.0,0.0,1.0,0.0
1.8542526263323718,0.8866811143191742,-0.9511897312113419,0.0,1.0,0.0,0.0,0.0,0.0,1.0,0.0,0.0,1.0
-0.5969553757765609,1.6170091034937923,-0.9511897312113419,0.0,0.0,0.0,1.0,1.0,0.0,0.0,1.0,0.0,0.0
1.3237896568206058,-1.0055323121786992,-0.9511897312113419,0.0,0.0,0.0,0.0,0.0,0.0,1.0,0.0,1.0,0.0
0.49241495577958727,-1.5200815772789984,1.0513149660756937,0.0,1.0,0.0,0.0,1.0,0.0,0.0,0.0,0.0,0.0
-0.5645187878007708,-0.5905732274203936,-0.9511897312113419,1.0,0.0,0.0,0.0,0.0,1.0,0.0,0.0,1.0,0.0
-0.9687285764221543,3.011271628281699,-0.9511897312113419,0.0,0.0,0.0,0.0,0.0,1.0,0.0,1.0,0.0,0.0
0.1800256623512093,-1.0553274023496961,1.0513149660756937,0.0,0.0,1.0,0.0,0.0,1.0,0.0,0.0,1.0,0.0
1.7235082255684178,-0.042827235539430096,1.0513149660756937,0.0,0.0,1.0,0.0,0.0,1.0,0.0,1.0,0.0,0.0
0.36566275045880786,1.7829927373971146,1.0513149660756937,0.0,0.0,0.0,0.0,0.0,1.0,0.0,0.0,0.0,0.0
0.614176916796399,-0.7731552247140484,1.0513149660756937,1.0,0.0,0.0,0.0,0.0,1.0,0.0,0.0,0.0,0.0
-1.7836354712600793,0.32233675904787873,-0.9511897312113419,0.0,0.0,0.0,1.0,1.0,0.0,0.0,0.0,0.0,1.0
0.1396046834890714,-0.7565568613237159,-0.9511897312113419,0.0,0.0,0.0,0.0,0.0,0.0,1.0,0.0,0.0,1.0
0.16305883171771923,1.467623832980802,-0.9511897312113419,0.0,0.0,0.0,1.0,1.0,0.0,0.0,0.0,0.0,0.0
0.8122896156639168,-2.366598110185942,-0.9511897312113419,1.0,0.0,0.0,0.0,0.0,0.0,1.0,0.0,1.0,0.0
-0.035552891580194895,-0.9557372220077025,-0.9511897312113419,0.0,0.0,0.0,1.0,1.0,0.0,0.0,0.0,1.0,0.0
1.0074081679490539,-1.3209012165950116,-0.9511897312113419,0.0,0.0,1.0,0.0,0.0,1.0,0.0,0.0,0.0,0.0
-0.6194114751444155,-0.009630508758765763,-0.9511897312113419,0.0,0.0,0.0,0.0,0.0,0.0,0.0,0.0,0.0,0.0
0.04179589513130441,0.20614821531555327,-0.9511897312113419,0.0,0.0,1.0,0.0,0.0,0.0,0.0,1.0,0.0,0.0
0.16305883171771923,0.27254166887688197,-0.9511897312113419,0.0,0.0,0.0,1.0,0.0,0.0,0.0,1.0,0.0,0.0
-2.5770843155909433,-0.35819613995574273,1.0513149660756937,1.0,0.0,0.0,0.0,0.0,0.0,0.0,1.0,0.0,0.0
-1.8110818149319017,-0.1922125060524205,1.0513149660756937,0.0,0.0,0.0,1.0,0.0,0.0,0.0,0.0,0.0,1.0
0.6570930178105212,-0.623769954201058,1.0513149660756937,1.0,0.0,0.0,0.0,0.0,0.0,1.0,1.0,0.0,0.0
1.3801794174554405,-0.5573765006397293,1.0513149660756937,0.0,1.0,0.0,0.0,0.0,0.0,0.0,0.0,0.0,1.0
1.4275867383431335,-0.35819613995574273,1.0513149660756937,0.0,0.0,1.0,0.0,0.0,0.0,1.0,1.0,0.0,0.0
1.5747989453101807,0.621107300073859,1.0513149660756937,0.0,0.0,1.0,0.0,1.0,0.0,0.0,0.0,1.0,0.0
0.39460616742182025,0.17295148853488837,1.0513149660756937,0.0,1.0,0.0,0.0,0.0,0.0,0.0,1.0,0.0,0.0
-0.5994504979285447,0.42192693938987175,1.0513149660756937,0.0,1.0,0.0,0.0,0.0,1.0,0.0,0.0,0.0,0.0
0.6371320405946505,0.13975476175422402,1.0513149660756937,0.0,0.0,1.0,0.0,0.0,0.0,0.0,1.0,0.0,0.0
0.8257632752846298,-0.10922068910075935,1.0513149660756937,1.0,0.0,0.0,0.0,1.0,0.0,0.0,0.0,0.0,1.0
0.2743412796961992,0.22274657870588516,1.0513149660756937,0.0,0.0,0.0,1.0,1.0,0.0,0.0,0.0,0.0,0.0
0.08720711829741057,0.8534843875385099,-0.9511897312113419,0.0,0.0,0.0,0.0,1.0,0.0,0.0,0.0,0.0,0.0
-0.1992329047503357,1.7497960106164498,-0.9511897312113419,0.0,0.0,1.0,0.0,0.0,1.0,0.0,0.0,0.0,0.0
1.6780970024023123,-0.09262232571042689,-0.9511897312113419,0.0,0.0,0.0,1.0,1.0,0.0,0.0,1.0,0.0,0.0
1.39415210150655,0.08995967158322724,-0.9511897312113419,0.0,0.0,0.0,1.0,0.0,1.0,0.0,1.0,0.0,0.0
-0.06349825968241411,-0.40799123012673955,-0.9511897312113419,0.0,0.0,0.0,1.0,0.0,0.0,0.0,0.0,0.0,1.0
-0.7012514817294856,-0.07602396232009502,-0.9511897312113419,0.0,0.0,0.0,0.0,0.0,0.0,0.0,0.0,0.0,0.0
0.8172798599678844,-0.8727454050560414,1.0513149660756937,0.0,0.0,0.0,0.0,0.0,0.0,1.0,0.0,1.0,0.0
-0.16879241449613264,0.27254166887688197,1.0513149660756937,0.0,1.0,0.0,0.0,0.0,0.0,1.0,0.0,0.0,0.0
-0.08345923689828491,-1.1715159460820215,1.0513149660756937,0.0,1.0,0.0,0.0,0.0,0.0,1.0,0.0,0.0,0.0
-1.6768442431551707,-0.009630508758765763,-0.9511897312113419,0.0,1.0,0.0,0.0,0.0,0.0,0.0,0.0,0.0,0.0
-1.073523706805476,-0.6403683175913905,-0.9511897312113419,0.0,0.0,0.0,0.0,0.0,0.0,0.0,1.0,0.0,0.0
0.9130925506040645,0.3057383956575463,-0.9511897312113419,0.0,0.0,1.0,0.0,0.0,1.0,0.0,0.0,0.0,1.0
-1.1104515146548368,1.7829927373971146,-0.9511897312113419,0.0,1.0,0.0,0.0,0.0,0.0,1.0,0.0,0.0,1.0
-0.2191938819662065,-1.9848357522083007,1.0513149660756937,1.0,0.0,0.0,0.0,0.0,1.0,0.0,1.0,0.0,0.0
-1.1144437100980114,1.0360663848321645,1.0513149660756937,0.0,1.0,0.0,0.0,0.0,0.0,1.0,0.0,0.0,1.0
-0.345447062856589,0.587910573293194,-0.9511897312113419,0.0,0.0,0.0,1.0,0.0,1.0,0.0,0.0,1.0,0.0
0.22493786108691857,-0.8063519514947127,-0.9511897312113419,0.0,0.0,1.0,0.0,1.0,0.0,0.0,0.0,0.0,0.0
0.7464183908515429,2.6793043604750544,-0.9511897312113419,0.0,0.0,0.0,0.0,0.0,0.0,0.0,0.0,0.0,0.0
-1.0096485797146897,-0.739958497933384,-0.9511897312113419,0.0,0.0,0.0,0.0,0.0,0.0,1.0,1.0,0.0,0.0
0.15806858741375152,-0.3084010497847459,-0.9511897312113419,0.0,1.0,0.0,0.0,1.0,0.0,0.0,0.0,0.0,1.0
-1.0096485797146897,0.7206974804158519,-0.9511897312113419,0.0,0.0,0.0,1.0,0.0,1.0,0.0,0.0,0.0,0.0
-0.9402841838895387,-0.24200759622341728,1.0513149660756937,1.0,0.0,0.0,0.0,1.0,0.0,0.0,1.0,0.0,0.0
-0.8724168613555779,0.5381154831221978,-0.9511897312113419,0.0,0.0,0.0,0.0,0.0,1.0,0.0,0.0,1.0,0.0
0.658091066671315,-1.3209012165950116,1.0513149660756937,0.0,0.0,0.0,0.0,0.0,1.0,0.0,0.0,0.0,1.0
-0.8145300274295526,1.9489763713004369,1.0513149660756937,0.0,0.0,0.0,0.0,1.0,0.0,0.0,0.0,0.0,1.0
0.9485232851622346,1.1024598383934932,1.0513149660756937,0.0,1.0,0.0,0.0,0.0,0.0,1.0,0.0,0.0,1.0
-0.6398714767906831,1.251845108906483,1.0513149660756937,1.0,0.0,0.0,0.0,0.0,0.0,0.0,0.0,0.0,1.0
-1.1279173697187237,-0.3084010497847459,1.0513149660756937,0.0,0.0,0.0,0.0,0.0,0.0,0.0,1.0,0.0,0.0
-0.6763002602096471,-0.2254092328330848,1.0513149660756937,0.0,0.0,0.0,0.0,1.0,0.0,0.0,1.0,0.0,0.0
-2.1998218462109853,0.7372958438061844,-0.9511897312113419,0.0,1.0,0.0,0.0,0.0,0.0,0.0,0.0,1.0,0.0
-0.04603240461852717,0.9862712946611677,1.0513149660756937,0.0,0.0,1.0,0.0,1.0,0.0,0.0,0.0,1.0,0.0
0.788336443004872,-1.4868848504983339,-0.9511897312113419,0.0,1.0,0.0,0.0,1.0,0.0,0.0,0.0,1.0,0.0
-0.4098212143777722,-0.7897535881043802,-0.9511897312113419,0.0,0.0,0.0,0.0,1.0,0.0,0.0,0.0,1.0,0.0
0.9175837704776353,0.27254166887688197,1.0513149660756937,0.0,0.0,0.0,0.0,0.0,1.0,0.0,0.0,0.0,1.0
-1.2621549414954552,-0.6901634077623873,-0.9511897312113419,0.0,0.0,0.0,0.0,1.0,0.0,0.0,1.0,0.0,0.0
1.0233769497217502,2.148156731984423,-0.9511897312113419,0.0,1.0,0.0,0.0,0.0,0.0,1.0,1.0,0.0,0.0
-1.9682745105068842,-0.20881086944275234,-0.9511897312113419,0.0,1.0,0.0,0.0,0.0,0.0,0.0,0.0,0.0,1.0
-0.29554461981691205,1.8161894641777785,-0.9511897312113419,0.0,0.0,1.0,0.0,1.0,0.0,0.0,0.0,0.0,1.0
-0.18026997639525813,-0.3415977765654103,1.0513149660756937,0.0,0.0,0.0,0.0,0.0,1.0,0.0,0.0,0.0,1.0
-0.19474168487676433,2.695902723865387,1.0513149660756937,0.0,0.0,0.0,1.0,0.0,1.0,0.0,0.0,0.0,0.0
-0.04503435575773341,1.8161894641777785,1.0513149660756937,0.0,1.0,0.0,0.0,1.0,0.0,0.0,0.0,1.0,0.0
-1.2297183535196652,1.0360663848321645,-0.9511897312113419,0.0,0.0,0.0,1.0,0.0,0.0,1.0,1.0,0.0,0.0
0.7718686368017783,1.1356565651741575,1.0513149660756937,0.0,0.0,1.0,0.0,1.0,0.0,0.0,0.0,0.0,1.0
-1.8435184029076916,-0.17561414266208802,1.0513149660756937,1.0,0.0,0.0,0.0,0.0,0.0,0.0,0.0,0.0,1.0
-0.6738051380576633,-2.0346308423792974,-0.9511897312113419,0.0,0.0,0.0,1.0,0.0,0.0,1.0,1.0,0.0,0.0
0.5423173988192642,0.4385253027802042,1.0513149660756937,0.0,0.0,0.0,0.0,1.0,0.0,0.0,0.0,1.0,0.0
1.3437506340364764,2.264345275716749,1.0513149660756937,0.0,0.0,0.0,0.0,0.0,0.0,0.0,0.0,1.0,0.0
0.9779657265556445,0.5215171197318653,1.0513149660756937,1.0,0.0,0.0,0.0,0.0,0.0,0.0,0.0,1.0,0.0
0.9989247526323085,0.23934494209621762,1.0513149660756937,0.0,0.0,1.0,0.0,0.0,1.0,0.0,0.0,0.0,0.0
-1.6454057040401742,2.9116814479397055,-0.9511897312113419,0.0,0.0,0.0,1.0,0.0,1.0,0.0,0.0,1.0,0.0
0.4120720224857072,0.23934494209621762,1.0513149660756937,1.0,0.0,0.0,0.0,0.0,1.0,0.0,0.0,0.0,0.0
0.34719884653412714,0.7372958438061844,-0.9511897312113419,0.0,0.0,0.0,1.0,1.0,0.0,0.0,1.0,0.0,0.0
0.14559297665383228,0.3057383956575463,1.0513149660756937,0.0,0.0,0.0,0.0,0.0,0.0,1.0,0.0,1.0,0.0
-1.0540617540200021,-0.9557372220077025,1.0513149660756937,0.0,1.0,0.0,0.0,0.0,0.0,1.0,0.0,0.0,0.0
-0.5974544002069577,0.3057383956575463,-0.9511897312113419,0.0,0.0,0.0,0.0,0.0,0.0,0.0,0.0,0.0,1.0
-1.4343183699823407,0.4551236661705367,-0.9511897312113419,0.0,1.0,0.0,0.0,0.0,0.0,0.0,1.0,0.0,0.0
-0.27907681361381886,0.3887302126092074,-0.9511897312113419,0.0,0.0,0.0,1.0,0.0,1.0,0.0,1.0,0.0,0.0
0.3237446983054793,-0.5739748640300618,-0.9511897312113419,0.0,0.0,0.0,0.0,0.0,0.0,0.0,1.0,0.0,0.0
0.2274329832389024,1.2684434722968154,-0.9511897312113419,1.0,0.0,0.0,0.0,1.0,0.0,0.0,0.0,1.0,0.0
-1.3569695832708415,0.8368860241481774,-0.9511897312113419,1.0,0.0,0.0,0.0,0.0,0.0,0.0,0.0,0.0,0.0
1.1306672022570556,-0.3747945033460746,-0.9511897312113419,0.0,0.0,1.0,0.0,0.0,0.0,1.0,0.0,0.0,1.0
0.14958517209700678,0.1065580349735597,1.0513149660756937,0.0,0.0,0.0,0.0,0.0,1.0,0.0,0.0,1.0,0.0
-0.0649953329736042,0.9198778410998385,1.0513149660756937,0.0,0.0,1.0,0.0,0.0,0.0,1.0,1.0,0.0,0.0
-0.1857592451296227,0.6377056634641908,-0.9511897312113419,0.0,1.0,0.0,0.0,1.0,0.0,0.0,1.0,0.0,0.0
-1.6878227806238997,2.2809436391070816,-0.9511897312113419,0.0,0.0,1.0,0.0,0.0,0.0,0.0,0.0,0.0,0.0
1.1062150051676145,0.8534843875385099,1.0513149660756937,0.0,1.0,0.0,0.0,1.0,0.0,0.0,0.0,0.0,0.0
0.17453639361684528,0.1065580349735597,-0.9511897312113419,0.0,0.0,1.0,0.0,0.0,0.0,1.0,0.0,1.0,0.0
1.61971114404589,-1.2047126728626862,-0.9511897312113419,0.0,0.0,0.0,0.0,1.0,0.0,0.0,0.0,1.0,0.0
1.1975364759302232,0.8534843875385099,1.0513149660756937,0.0,1.0,0.0,0.0,0.0,0.0,0.0,1.0,0.0,0.0
-1.8619823068323722,0.6377056634641908,-0.9511897312113419,1.0,0.0,0.0,0.0,1.0,0.0,0.0,0.0,0.0,1.0
-1.7052886356877865,-0.14241741588142368,1.0513149660756937,0.0,0.0,1.0,0.0,0.0,0.0,0.0,0.0,1.0,0.0
0.5158691040082356,-0.6901634077623873,-0.9511897312113419,0.0,0.0,0.0,1.0,0.0,1.0,0.0,0.0,1.0,0.0
1.4994462563202688,-0.5739748640300618,1.0513149660756937,0.0,1.0,0.0,0.0,1.0,0.0,0.0,0.0,0.0,0.0
-0.6024446445109254,-0.44118795690740387,-0.9511897312113419,1.0,0.0,0.0,0.0,0.0,0.0,0.0,0.0,0.0,1.0
-1.3499832412452863,-1.5200815772789984,-0.9511897312113419,1.0,0.0,0.0,0.0,0.0,1.0,0.0,0.0,0.0,1.0
-1.0326037035129412,-0.8727454050560414,1.0513149660756937,0.0,0.0,1.0,0.0,0.0,0.0,1.0,0.0,0.0,1.0
-0.24713925006842516,0.1065580349735597,-0.9511897312113419,0.0,0.0,1.0,0.0,0.0,1.0,0.0,0.0,0.0,0.0
0.2903100614688955,0.7870909339771812,-0.9511897312113419,0.0,0.0,1.0,0.0,0.0,1.0,0.0,1.0,0.0,0.0
0.36566275045880786,0.803689297367513,-0.9511897312113419,0.0,0.0,1.0,0.0,0.0,0.0,0.0,1.0,0.0,0.0
1.6281945593626352,-0.739958497933384,1.0513149660756937,0.0,0.0,0.0,0.0,0.0,0.0,1.0,1.0,0.0,0.0
0.0577646769040007,-1.3706963067660085,-0.9511897312113419,0.0,0.0,0.0,0.0,0.0,0.0,1.0,1.0,0.0,0.0
0.19100419981993844,-0.3084010497847459,-0.9511897312113419,0.0,0.0,1.0,0.0,0.0,0.0,1.0,0.0,1.0,0.0
1.2070179401077612,0.5215171197318653,-0.9511897312113419,0.0,0.0,1.0,0.0,1.0,0.0,0.0,0.0,1.0,0.0
-0.42030072741610447,1.334836925858144,-0.9511897312113419,0.0,0.0,1.0,0.0,0.0,0.0,0.0,0.0,1.0,0.0
-0.028566549554640237,-1.3706963067660085,-0.9511897312113419,0.0,0.0,0.0,1.0,0.0,1.0,0.0,0.0,0.0,1.0
0.579744231099022,0.7870909339771812,1.0513149660756937,0.0,0.0,0.0,1.0,0.0,0.0,1.0,0.0,0.0,1.0
0.17603346690803534,1.3514352892484767,1.0513149660756937,1.0,0.0,0.0,0.0,0.0,0.0,0.0,0.0,1.0,0.0
-0.4133143853905498,-0.6071715908107261,-0.9511897312113419,1.0,0.0,0.0,0.0,0.0,0.0,0.0,0.0,1.0,0.0
0.18751102880716083,1.2684434722968154,1.0513149660756937,0.0,0.0,0.0,1.0,0.0,0.0,0.0,0.0,0.0,0.0
-1.0425841921208765,0.04016458141223103,1.0513149660756937,0.0,0.0,1.0,0.0,0.0,1.0,0.0,0.0,0.0,0.0
0.31576030741913086,0.3887302126092074,1.0513149660756937,1.0,0.0,0.0,0.0,0.0,0.0,0.0,1.0,0.0,0.0
-0.7756061218586048,0.1563531251445565,-0.9511897312113419,0.0,0.0,1.0,0.0,0.0,0.0,0.0,0.0,1.0,0.0
1.1391506175738009,1.3182385624678123,1.0513149660756937,0.0,0.0,1.0,0.0,0.0,0.0,1.0,1.0,0.0,0.0
1.004414021366673,-0.839548678275377,1.0513149660756937,1.0,0.0,0.0,0.0,1.0,0.0,0.0,0.0,0.0,1.0
-0.9762139428781058,0.587910573293194,-0.9511897312113419,0.0,0.0,0.0,1.0,0.0,0.0,1.0,1.0,0.0,0.0
-0.6513490386898086,0.9696729312708353,1.0513149660756937,0.0,0.0,1.0,0.0,0.0,0.0,0.0,1.0,0.0,0.0
-0.12737338677320043,-0.14241741588142368,-0.9511897312113419,1.0,0.0,0.0,0.0,0.0,0.0,1.0,0.0,0.0,0.0
0.9619969447829477,-0.8561470416657094,-0.9511897312113419,0.0,1.0,0.0,0.0,0.0,1.0,0.0,0.0,0.0,0.0
-0.12737338677320043,1.1356565651741575,-0.9511897312113419,0.0,0.0,0.0,0.0,0.0,0.0,1.0,0.0,0.0,1.0
0.21545639690938004,-0.6901634077623873,1.0513149660756937,0.0,0.0,0.0,1.0,1.0,0.0,0.0,0.0,0.0,1.0
-0.8409783222405811,0.5713122099028621,-0.9511897312113419,0.0,0.0,0.0,1.0,0.0,1.0,0.0,0.0,0.0,1.0
-0.32299096348873435,-0.4245895935170714,-0.9511897312113419,0.0,0.0,1.0,0.0,1.0,0.0,0.0,0.0,0.0,0.0
0.7279544869268628,-0.042827235539430096,-0.9511897312113419,0.0,0.0,1.0,0.0,0.0,0.0,1.0,0.0,0.0,1.0
-1.036595898956115,-0.9391388586173706,-0.9511897312113419,0.0,0.0,0.0,1.0,1.0,0.0,0.0,0.0,0.0,1.0
-1.0665373647799212,0.936476204490171,-0.9511897312113419,0.0,0.0,1.0,0.0,0.0,0.0,1.0,0.0,0.0,0.0
0.25338225361953465,1.5838123767131276,1.0513149660756937,0.0,0.0,0.0,1.0,0.0,0.0,0.0,0.0,1.0,0.0
-0.09493679879741038,0.7040991170255201,-0.9511897312113419,0.0,1.0,0.0,0.0,0.0,0.0,1.0,0.0,0.0,1.0
0.41456714463769107,0.587910573293194,1.0513149660756937,0.0,0.0,1.0,0.0,0.0,0.0,0.0,0.0,0.0,1.0
1.6471574877177122,0.006967854631566108,-0.9511897312113419,1.0,0.0,0.0,0.0,1.0,0.0,0.0,0.0,0.0,0.0
0.4210544622328494,-0.7067617711527191,-0.9511897312113419,0.0,0.0,0.0,0.0,0.0,0.0,0.0,1.0,0.0,0.0
1.863734090509911,0.7040991170255201,-0.9511897312113419,0.0,0.0,0.0,1.0,0.0,0.0,0.0,0.0,0.0,1.0
-0.22118997968779347,0.5547138465125296,1.0513149660756937,0.0,0.0,0.0,0.0,1.0,0.0,0.0,1.0,0.0,0.0
1.4774891813828106,-0.9557372220077025,-0.9511897312113419,0.0,0.0,0.0,1.0,0.0,1.0,0.0,0.0,1.0,0.0
-1.381421780360283,0.4717220295608685,-0.9511897312113419,0.0,0.0,1.0,0.0,0.0,0.0,0.0,1.0,0.0,0.0
1.305325752895925,-0.14241741588142368,1.0513149660756937,0.0,0.0,1.0,0.0,0.0,0.0,1.0,1.0,0.0,0.0
-0.9228183288256518,1.4012303794194734,1.0513149660756937,0.0,0.0,1.0,0.0,0.0,1.0,0.0,0.0,0.0,0.0
-0.09892899424058488,-0.9225404952270382,-0.9511897312113419,0.0,0.0,0.0,0.0,0.0,0.0,1.0,1.0,0.0,0.0
0.3876198253962656,-1.3043028532046794,1.0513149660756937,0.0,1.0,0.0,0.0,1.0,0.0,0.0,0.0,0.0,0.0
-1.3938973911202024,0.4717220295608685,-0.9511897312113419,0.0,0.0,0.0,1.0,0.0,1.0,0.0,0.0,0.0,0.0
-0.5186085402042684,-0.9557372220077025,-0.9511897312113419,0.0,0.0,0.0,0.0,1.0,0.0,0.0,0.0,0.0,0.0
-0.07597387044233336,-0.026228872149098224,1.0513149660756937,0.0,1.0,0.0,0.0,0.0,1.0,0.0,0.0,0.0,1.0
-0.8020544166696333,-0.9059421318367062,-0.9511897312113419,0.0,1.0,0.0,0.0,0.0,0.0,0.0,0.0,0.0,0.0
0.12213882842518445,0.6543040268545233,1.0513149660756937,0.0,0.0,0.0,1.0,0.0,0.0,0.0,0.0,0.0,0.0
0.3337251869134147,1.1356565651741575,1.0513149660756937,0.0,0.0,1.0,0.0,1.0,0.0,0.0,0.0,0.0,0.0
0.9674862135173122,1.6336074668841243,-0.9511897312113419,0.0,0.0,0.0,0.0,0.0,0.0,0.0,0.0,0.0,1.0
0.9135915750344608,-0.6403683175913905,1.0513149660756937,0.0,0.0,1.0,0.0,0.0,1.0,0.0,0.0,0.0,1.0
0.8222701042718521,-1.7026635745726528,1.0513149660756937,1.0,0.0,0.0,0.0,0.0,0.0,0.0,0.0,1.0,0.0
0.6570930178105212,-0.8727454050560414,1.0513149660756937,0.0,0.0,0.0,1.0,0.0,0.0,0.0,0.0,0.0,1.0
0.21495737247898317,-0.5739748640300618,1.0513149660756937,0.0,1.0,0.0,0.0,0.0,1.0,0.0,0.0,0.0,0.0
1.4410603979638466,2.031968188252098,-0.9511897312113419,1.0,0.0,0.0,0.0,1.0,0.0,0.0,0.0,0.0,1.0
1.02038280313937,0.7206974804158519,1.0513149660756937,0.0,1.0,0.0,0.0,0.0,0.0,1.0,0.0,1.0,0.0
-0.6523470875506024,-1.0885241291303605,1.0513149660756937,1.0,0.0,0.0,0.0,0.0,1.0,0.0,1.0,0.0,0.0
0.06125784791677832,0.936476204490171,-0.9511897312113419,0.0,0.0,0.0,1.0,0.0,0.0,1.0,0.0,0.0,0.0
-1.4927042283387626,-1.1549175826916893,1.0513149660756937,1.0,0.0,0.0,0.0,0.0,1.0,0.0,1.0,0.0,0.0
1.565816505563039,-0.6403683175913905,-0.9511897312113419,0.0,0.0,0.0,1.0,0.0,0.0,0.0,0.0,0.0,0.0
-0.8424753955317718,-1.9516390254276363,-0.9511897312113419,1.0,0.0,0.0,0.0,0.0,0.0,1.0,0.0,1.0,0.0
-1.4368134921343245,0.8202876607578455,1.0513149660756937,0.0,0.0,0.0,1.0,0.0,0.0,1.0,0.0,0.0,0.0
0.16655200273049683,-0.4743846836880682,1.0513149660756937,0.0,0.0,1.0,0.0,0.0,0.0,0.0,1.0,0.0,0.0
-0.5395675662809323,-0.3084010497847459,1.0513149660756937,0.0,1.0,0.0,0.0,1.0,0.0,0.0,0.0,0.0,1.0
0.18701200437676452,-0.4909830470784006,-0.9511897312113419,0.0,1.0,0.0,0.0,0.0,1.0,0.0,0.0,0.0,0.0
0.09519150918375843,1.8493861909584433,-0.9511897312113419,0.0,1.0,0.0,0.0,0.0,0.0,1.0,1.0,0.0,0.0
-0.13934997310272335,-0.5075814104687325,-0.9511897312113419,0.0,0.0,1.0,0.0,0.0,0.0,1.0,0.0,1.0,0.0
0.17054419817367078,1.1356565651741575,-0.9511897312113419,0.0,1.0,0.0,0.0,0.0,0.0,1.0,0.0,0.0,1.0
0.31126908754556004,-0.7233601345430516,1.0513149660756937,0.0,1.0,0.0,0.0,0.0,0.0,0.0,1.0,0.0,0.0
1.2494350166914865,0.2891400322672144,-0.9511897312113419,0.0,0.0,1.0,0.0,0.0,1.0,0.0,0.0,0.0,1.0
1.0967335409900756,-1.3374995799853437,-0.9511897312113419,1.0,0.0,0.0,0.0,0.0,1.0,0.0,0.0,0.0,0.0
-1.0914885862997596,0.7870909339771812,-0.9511897312113419,0.0,1.0,0.0,0.0,0.0,0.0,0.0,0.0,1.0,0.0
-2.029654515445687,0.40532857599953986,1.0513149660756937,1.0,0.0,0.0,0.0,1.0,0.0,0.0,0.0,0.0,0.0
-1.316049579978306,-0.5407781372493968,1.0513149660756937,0.0,0.0,0.0,0.0,0.0,0.0,1.0,0.0,0.0,0.0
1.6271965105018416,-0.44118795690740387,-0.9511897312113419,0.0,0.0,0.0,1.0,0.0,0.0,0.0,0.0,0.0,1.0
-0.04353728246654333,-0.09262232571042689,1.0513149660756937,0.0,1.0,0.0,0.0,1.0,0.0,0.0,0.0,1.0,0.0
-0.07647289487273025,0.17295148853488837,-0.9511897312113419,0.0,0.0,0.0,1.0,0.0,0.0,1.0,0.0,0.0,1.0
-0.7062417260334533,-1.2545077630336827,-0.9511897312113419,1.0,0.0,0.0,0.0,1.0,0.0,0.0,0.0,1.0,0.0
0.02183491791543362,-0.2752043230040816,-0.9511897312113419,0.0,0.0,0.0,1.0,0.0,0.0,1.0,1.0,0.0,0.0
0.6575920422409182,0.9032794777095067,-0.9511897312113419,0.0,0.0,1.0,0.0,1.0,0.0,0.0,0.0,0.0,1.0
-0.8389822245189942,0.6543040268545233,1.0513149660756937,1.0,0.0,0.0,0.0,0.0,0.0,0.0,1.0,0.0,0.0
-1.4328212966911502,0.23934494209621762,1.0513149660756937,0.0,0.0,0.0,0.0,0.0,0.0,1.0,0.0,1.0,0.0
0.02183491791543362,-0.5905732274203936,-0.9511897312113419,0.0,1.0,0.0,0.0,0.0,0.0,1.0,0.0,0.0,1.0
0.7993149804736006,0.07336130819289537,1.0513149660756937,0.0,0.0,1.0,0.0,1.0,0.0,0.0,0.0,1.0,0.0
-0.5260939066602199,0.2891400322672144,-0.9511897312113419,0.0,0.0,0.0,1.0,0.0,0.0,0.0,0.0,0.0,0.0
-0.5700080565351354,-0.839548678275377,1.0513149660756937,0.0,1.0,0.0,0.0,1.0,0.0,0.0,0.0,0.0,0.0
-1.1897963990879237,-0.17561414266208802,-0.9511897312113419,0.0,0.0,0.0,0.0,1.0,0.0,0.0,1.0,0.0,0.0
-1.1284163941491205,-0.9225404952270382,1.0513149660756937,0.0,0.0,0.0,1.0,0.0,1.0,0.0,0.0,0.0,1.0
-1.1299134674403113,-1.0719257657400283,1.0513149660756937,0.0,0.0,0.0,1.0,0.0,0.0,0.0,0.0,0.0,0.0
1.5842804094877196,-1.636270121011324,-0.9511897312113419,0.0,0.0,1.0,0.0,1.0,0.0,0.0,0.0,0.0,0.0
0.9016149887049384,0.1563531251445565,1.0513149660756937,0.0,0.0,0.0,1.0,0.0,0.0,1.0,0.0,0.0,0.0
-1.4123612950448825,0.7040991170255201,1.0513149660756937,0.0,0.0,1.0,0.0,0.0,1.0,0.0,0.0,0.0,0.0
-1.6299359466978742,-0.9557372220077025,-0.9511897312113419,0.0,0.0,0.0,1.0,0.0,1.0,0.0,0.0,0.0,0.0
-0.3928543837442821,0.803689297367513,-0.9511897312113419,0.0,1.0,0.0,0.0,1.0,0.0,0.0,0.0,1.0,0.0
-0.8205183205943141,1.7000009204454536,-0.9511897312113419,1.0,0.0,0.0,0.0,1.0,0.0,0.0,0.0,0.0,1.0
0.055768579182413736,-0.8893437684463739,-0.9511897312113419,0.0,0.0,0.0,0.0,0.0,1.0,0.0,1.0,0.0,0.0
1.3257857545421932,-0.026228872149098224,-0.9511897312113419,0.0,0.0,0.0,1.0,0.0,0.0,1.0,0.0,1.0,0.0
0.8407340081965329,-0.7067617711527191,-0.9511897312113419,0.0,0.0,0.0,1.0,1.0,0.0,0.0,0.0,0.0,1.0
-0.7696178286938433,-0.3415977765654103,-0.9511897312113419,0.0,0.0,0.0,0.0,0.0,0.0,1.0,0.0,1.0,0.0
1.436070153659879,-0.026228872149098224,1.0513149660756937,0.0,0.0,0.0,1.0,0.0,1.0,0.0,0.0,0.0,1.0
0.3407115289389694,-1.4868848504983339,1.0513149660756937,0.0,0.0,0.0,0.0,0.0,1.0,0.0,0.0,1.0,0.0
-0.8843934476851003,-0.2254092328330848,-0.9511897312113419,0.0,0.0,0.0,1.0,1.0,0.0,0.0,0.0,0.0,0.0
0.09868468019653605,0.1563531251445565,1.0513149660756937,1.0,0.0,0.0,0.0,0.0,0.0,0.0,0.0,1.0,0.0
1.9141355579799841,1.334836925858144,-0.9511897312113419,0.0,1.0,0.0,0.0,0.0,0.0,0.0,0.0,0.0,1.0
1.0682891484574595,-1.2545077630336827,1.0513149660756937,1.0,0.0,0.0,0.0,0.0,0.0,1.0,0.0,0.0,0.0
-0.21769680867501584,-0.026228872149098224,1.0513149660756937,0.0,0.0,1.0,0.0,0.0,0.0,1.0,1.0,0.0,0.0
-0.6618285517281409,0.32233675904787873,1.0513149660756937,0.0,0.0,1.0,0.0,0.0,0.0,0.0,0.0,0.0,1.0
0.0038700384211497975,-0.1258190524910912,-0.9511897312113419,1.0,0.0,0.0,0.0,0.0,1.0,0.0,0.0,0.0,0.0
-0.08345923689828491,-2.79815555833458,-0.9511897312113419,0.0,0.0,0.0,1.0,1.0,0.0,0.0,1.0,0.0,0.0
2.4361151121750058,-0.24200759622341728,-0.9511897312113419,0.0,0.0,0.0,0.0,0.0,0.0,0.0,1.0,0.0,0.0
1.2758833115025163,-0.3249994131750784,1.0513149660756937,0.0,1.0,0.0,0.0,0.0,1.0,0.0,0.0,0.0,1.0
0.6565939933801244,-0.059425598929762555,-0.9511897312113419,0.0,0.0,1.0,0.0,0.0,1.0,0.0,0.0,1.0,0.0
-0.5450568350152969,-1.9516390254276363,-0.9511897312113419,0.0,0.0,1.0,0.0,0.0,0.0,1.0,1.0,0.0,0.0
0.27883249956977,1.5506156499324633,1.0513149660756937,0.0,0.0,0.0,1.0,0.0,0.0,1.0,0.0,1.0,0.0
-0.09743192094939424,0.6875007536351876,1.0513149660756937,0.0,1.0,0.0,0.0,0.0,1.0,0.0,0.0,0.0,0.0
-0.9772119917388996,1.285041835687148,-0.9511897312113419,0.0,0.0,0.0,1.0,0.0,1.0,0.0,0.0,0.0,0.0
0.129624194881136,1.6502058302744567,-0.9511897312113419,0.0,0.0,1.0,0.0,0.0,0.0,0.0,0.0,0.0,0.0
0.44450861046149726,0.006967854631566108,-0.9511897312113419,0.0,0.0,0.0,0.0,1.0,0.0,0.0,0.0,0.0,0.0
-0.8504597864181203,0.17295148853488837,-0.9511897312113419,0.0,1.0,0.0,0.0,0.0,1.0,0.0,0.0,0.0,1.0
0.6496076513545697,0.5215171197318653,1.0513149660756937,0.0,0.0,1.0,0.0,0.0,0.0,1.0,0.0,0.0,1.0
1.808841403166266,2.231148548936084,-0.9511897312113419,1.0,0.0,0.0,0.0,1.0,0.0,0.0,0.0,0.0,0.0
1.0094042656706408,-0.2752043230040816,-0.9511897312113419,0.0,0.0,1.0,0.0,1.0,0.0,0.0,0.0,0.0,0.0
-0.692269041982344,-0.5905732274203936,1.0513149660756937,1.0,0.0,0.0,0.0,1.0,0.0,0.0,0.0,0.0,1.0
1.7215121278468315,-0.1922125060524205,1.0513149660756937,0.0,0.0,0.0,0.0,1.0,0.0,0.0,0.0,1.0,0.0
-0.778600268440985,0.08995967158322724,1.0513149660756937,0.0,0.0,0.0,1.0,0.0,1.0,0.0,0.0,0.0,0.0
0.8407340081965329,1.0858614750031608,1.0513149660756937,0.0,0.0,0.0,1.0,0.0,0.0,1.0,1.0,0.0,0.0
0.2823256705825471,1.384632016029141,1.0513149660756937,0.0,1.0,0.0,0.0,0.0,0.0,0.0,0.0,1.0,0.0
-0.4212987762768982,-0.17561414266208802,-0.9511897312113419,0.0,1.0,0.0,0.0,0.0,0.0,1.0,0.0,0.0,1.0
-0.8479646642661364,-0.39139286673640705,1.0513149660756937,0.0,1.0,0.0,0.0,1.0,0.0,0.0,1.0,0.0,0.0
-2.200819895071779,0.6543040268545233,-0.9511897312113419,1.0,0.0,0.0,0.0,0.0,0.0,1.0,0.0,0.0,0.0
0.27234518197461166,-1.038729038959364,1.0513149660756937,0.0,0.0,0.0,0.0,0.0,1.0,0.0,1.0,0.0,0.0
1.503937476193839,1.467623832980802,1.0513149660756937,0.0,0.0,0.0,1.0,0.0,0.0,1.0,1.0,0.0,0.0
0.00436906285154668,0.4717220295608685,1.0513149660756937,0.0,0.0,1.0,0.0,0.0,0.0,0.0,0.0,1.0,0.0
-0.2770807158922313,0.621107300073859,1.0513149660756937,1.0,0.0,0.0,0.0,0.0,0.0,1.0,0.0,1.0,0.0
-2.4413496705230218,-0.45778632029773575,-0.9511897312113419,0.0,1.0,0.0,0.0,0.0,0.0,0.0,1.0,0.0,0.0
0.5458105698320418,-1.1715159460820215,1.0513149660756937,1.0,0.0,0.0,0.0,0.0,1.0,0.0,0.0,0.0,1.0
-0.9642373565485834,0.0567629448025629,1.0513149660756937,1.0,0.0,0.0,0.0,0.0,0.0,0.0,0.0,1.0,0.0
2.2240297292563787,-0.059425598929762555,1.0513149660756937,0.0,0.0,1.0,0.0,0.0,0.0,1.0,0.0,0.0,0.0
-0.47768853691173296,0.27254166887688197,1.0513149660756937,0.0,0.0,1.0,0.0,0.0,0.0,0.0,0.0,0.0,1.0
0.6126798435052089,-1.3209012165950116,1.0513149660756937,0.0,0.0,0.0,0.0,0.0,1.0,0.0,1.0,0.0,0.0
2.6407151286376815,-0.3249994131750784,1.0513149660756937,1.0,0.0,0.0,0.0,1.0,0.0,0.0,0.0,0.0,0.0
-0.23665973703009344,0.4717220295608685,1.0513149660756937,0.0,0.0,1.0,0.0,0.0,0.0,0.0,0.0,0.0,0.0
0.10666907108288448,0.22274657870588516,-0.9511897312113419,0.0,0.0,0.0,1.0,0.0,0.0,0.0,0.0,1.0,0.0
0.14309785450184845,0.2891400322672144,-0.9511897312113419,0.0,1.0,0.0,0.0,0.0,0.0,0.0,0.0,0.0,1.0
1.5273916244224874,0.8534843875385099,1.0513149660756937,0.0,0.0,0.0,1.0,1.0,0.0,0.0,1.0,0.0,0.0
0.8157827866766943,-2.582376834260261,1.0513149660756937,1.0,0.0,0.0,0.0,0.0,1.0,0.0,0.0,0.0,1.0
-0.17977095196486123,0.13975476175422402,1.0513149660756937,0.0,0.0,0.0,0.0,0.0,0.0,1.0,0.0,1.0,0.0
0.3002905500768309,-1.9350406620373042,1.0513149660756937,0.0,0.0,0.0,0.0,1.0,0.0,0.0,0.0,1.0,0.0
1.2993374597311635,-0.10922068910075935,-0.9511897312113419,0.0,0.0,1.0,0.0,0.0,0.0,0.0,0.0,0.0,0.0
-0.43028121602403985,-1.0055323121786992,-0.9511897312113419,1.0,0.0,0.0,0.0,0.0,1.0,0.0,0.0,1.0,0.0
1.2968423375791798,-0.6403683175913905,-0.9511897312113419,0.0,1.0,0.0,0.0,0.0,1.0,0.0,0.0,1.0,0.0
-2.141435987854563,-0.8063519514947127,1.0513149660756937,1.0,0.0,0.0,0.0,0.0,0.0,0.0,0.0,1.0,0.0
0.426543730967214,0.1065580349735597,-0.9511897312113419,1.0,0.0,0.0,0.0,0.0,1.0,0.0,0.0,1.0,0.0
-0.48168073235490694,-0.5573765006397293,-0.9511897312113419,0.0,0.0,0.0,1.0,1.0,0.0,0.0,1.0,0.0,0.0
1.0133964611138147,0.7704925705868487,1.0513149660756937,0.0,0.0,1.0,0.0,0.0,0.0,1.0,0.0,1.0,0.0
0.8542076678172453,-0.9889339487883672,-0.9511897312113419,0.0,1.0,0.0,0.0,0.0,0.0,1.0,0.0,1.0,0.0
-1.8001032774631727,0.8202876607578455,1.0513149660756937,0.0,0.0,0.0,0.0,0.0,0.0,0.0,0.0,0.0,1.0
-2.397934545078503,-0.8893437684463739,-0.9511897312113419,1.0,0.0,0.0,0.0,0.0,0.0,1.0,0.0,0.0,1.0
2.386212669135329,0.32233675904787873,1.0513149660756937,0.0,0.0,1.0,0.0,1.0,0.0,0.0,0.0,1.0,0.0
0.8013110781951875,-1.188114309472354,1.0513149660756937,0.0,0.0,0.0,1.0,0.0,0.0,1.0,0.0,0.0,0.0
1.167595010106417,-0.8561470416657094,-0.9511897312113419,0.0,0.0,0.0,0.0,0.0,1.0,0.0,0.0,0.0,1.0
0.4020915338777718,1.334836925858144,1.0513149660756937,1.0,0.0,0.0,0.0,0.0,0.0,1.0,0.0,1.0,0.0
0.06525004335995224,-0.6403683175913905,-0.9511897312113419,0.0,1.0,0.0,0.0,0.0,0.0,0.0,0.0,0.0,1.0
-0.5460548838760907,0.6709023902448551,-0.9511897312113419,1.0,0.0,0.0,0.0,0.0,0.0,1.0,0.0,0.0,1.0
0.37813836121872707,0.488320392951201,-0.9511897312113419,0.0,0.0,1.0,0.0,0.0,0.0,0.0,1.0,0.0,0.0
1.3282808766941772,0.23934494209621762,-0.9511897312113419,0.0,0.0,0.0,1.0,0.0,0.0,0.0,0.0,1.0,0.0
1.8337926246861047,-1.636270121011324,1.0513149660756937,0.0,1.0,0.0,0.0,0.0,0.0,1.0,1.0,0.0,0.0
-0.5580314702056131,0.7372958438061844,-0.9511897312113419,0.0,0.0,0.0,1.0,0.0,0.0,1.0,1.0,0.0,0.0
-0.028566549554640237,-1.7026635745726528,-0.9511897312113419,0.0,0.0,1.0,0.0,0.0,0.0,1.0,1.0,0.0,0.0
1.0463320735200017,-1.9516390254276363,1.0513149660756937,0.0,0.0,0.0,1.0,0.0,0.0,0.0,0.0,0.0,0.0
1.0702852461790469,0.9032794777095067,-0.9511897312113419,0.0,0.0,0.0,1.0,0.0,0.0,0.0,0.0,0.0,0.0
-0.5864758627382286,0.0567629448025629,-0.9511897312113419,1.0,0.0,0.0,0.0,0.0,0.0,1.0,1.0,0.0,0.0
-0.46022268184784604,-0.839548678275377,1.0513149660756937,0.0,1.0,0.0,0.0,1.0,0.0,0.0,0.0,0.0,1.0
0.15457541640097447,1.1688532919548218,1.0513149660756937,0.0,1.0,0.0,0.0,0.0,1.0,0.0,0.0,1.0,0.0
-0.3604177957684921,0.5049187563415328,-0.9511897312113419,0.0,0.0,0.0,0.0,0.0,0.0,0.0,1.0,0.0,0.0
-0.8948729607234326,-1.5864750308403273,-0.9511897312113419,1.0,0.0,0.0,0.0,1.0,0.0,0.0,0.0,1.0,0.0
-0.2346636393085059,0.1895498519252208,-0.9511897312113419,0.0,0.0,1.0,0.0,1.0,0.0,0.0,0.0,0.0,0.0
0.39560421628261405,-0.7731552247140484,-0.9511897312113419,1.0,0.0,0.0,0.0,1.0,0.0,0.0,0.0,1.0,0.0
0.3302320159006371,0.8866811143191742,-0.9511897312113419,1.0,0.0,0.0,0.0,0.0,0.0,1.0,0.0,1.0,0.0
0.9021140131353353,0.587910573293194,-0.9511897312113419,0.0,0.0,1.0,0.0,0.0,0.0,1.0,0.0,0.0,0.0
-0.826007589328678,1.7000009204454536,1.0513149660756937,0.0,0.0,0.0,1.0,0.0,1.0,0.0,0.0,0.0,1.0
1.2339652593491872,1.0194680214418321,1.0513149660756937,0.0,0.0,0.0,1.0,0.0,0.0,0.0,0.0,0.0,0.0
2.0608487405166347,0.7538942071965162,-0.9511897312113419,0.0,0.0,1.0,0.0,1.0,0.0,0.0,1.0,0.0,0.0
-1.3380066549157639,-0.10922068910075935,-0.9511897312113419,1.0,0.0,0.0,0.0,0.0,0.0,0.0,0.0,1.0,0.0
0.9086013307304931,-0.8893437684463739,-0.9511897312113419,0.0,0.0,1.0,0.0,0.0,0.0,1.0,0.0,0.0,0.0
-0.7386783140092433,-1.038729038959364,-0.9511897312113419,0.0,0.0,1.0,0.0,1.0,0.0,0.0,0.0,1.0,0.0
0.24689493602437687,-0.9557372220077025,-0.9511897312113419,0.0,0.0,0.0,0.0,0.0,1.0,0.0,0.0,0.0,0.0
-1.75419302986667,-1.3706963067660085,1.0513149660756937,0.0,0.0,1.0,0.0,0.0,1.0,0.0,0.0,1.0,0.0
0.4260447065368171,-0.35819613995574273,-0.9511897312113419,0.0,0.0,0.0,1.0,0.0,1.0,0.0,0.0,0.0,1.0
-0.6089319621060832,1.4012303794194734,-0.9511897312113419,0.0,0.0,0.0,0.0,0.0,0.0,1.0,0.0,0.0,1.0
0.13661053690669067,1.0692631116128288,-0.9511897312113419,0.0,1.0,0.0,0.0,0.0,0.0,0.0,0.0,0.0,0.0
0.5328359346417257,0.8866811143191742,-0.9511897312113419,0.0,0.0,0.0,1.0,0.0,1.0,0.0,0.0,1.0,0.0
2.0683341069725865,0.6543040268545233,1.0513149660756937,0.0,0.0,0.0,1.0,0.0,0.0,0.0,0.0,1.0,0.0
1.5413643084735968,0.8866811143191742,1.0513149660756937,0.0,1.0,0.0,0.0,0.0,0.0,1.0,0.0,0.0,1.0
0.9215759659208093,-0.839548678275377,-0.9511897312113419,0.0,0.0,1.0,0.0,0.0,0.0,0.0,0.0,1.0,0.0
-1.5281349628969332,0.8202876607578455,-0.9511897312113419,0.0,0.0,0.0,0.0,0.0,1.0,0.0,0.0,1.0,0.0
-0.039545087023369396,-1.4536881237176695,-0.9511897312113419,1.0,0.0,0.0,0.0,0.0,0.0,1.0,0.0,1.0,0.0
-0.9033563760401774,0.936476204490171,-0.9511897312113419,0.0,0.0,1.0,0.0,0.0,1.0,0.0,1.0,0.0,0.0
-0.39584853032666284,-1.2877044898143473,1.0513149660756937,0.0,0.0,0.0,1.0,0.0,0.0,0.0,0.0,1.0,0.0
1.5543389436639137,-0.5407781372493968,-0.9511897312113419,0.0,0.0,0.0,0.0,0.0,0.0,0.0,0.0,0.0,1.0
-0.759138315655511,0.13975476175422402,-0.9511897312113419,0.0,0.0,0.0,1.0,0.0,0.0,1.0,1.0,0.0,0.0
0.4884227603364133,0.6543040268545233,-0.9511897312113419,0.0,0.0,1.0,0.0,0.0,0.0,0.0,0.0,1.0,0.0
-0.2556226653851705,0.5547138465125296,1.0513149660756937,0.0,0.0,0.0,1.0,0.0,0.0,0.0,0.0,0.0,1.0
-0.9906856513596121,2.978074901501034,1.0513149660756937,0.0,0.0,1.0,0.0,1.0,0.0,0.0,1.0,0.0,0.0
1.0019188992146892,-0.10922068910075935,1.0513149660756937,0.0,0.0,1.0,0.0,0.0,1.0,0.0,0.0,0.0,1.0
-0.40433194564340763,0.5381154831221978,1.0513149660756937,0.0,0.0,0.0,1.0,0.0,0.0,1.0,0.0,0.0,0.0
0.7434242442691628,0.936476204490171,-0.9511897312113419,0.0,1.0,0.0,0.0,0.0,0.0,0.0,0.0,0.0,1.0
-1.123426149845153,-0.3249994131750784,1.0513149660756937,0.0,0.0,0.0,0.0,0.0,0.0,1.0,1.0,0.0,0.0
1.6516487075912836,0.08995967158322724,-0.9511897312113419,0.0,0.0,1.0,0.0,0.0,0.0,1.0,0.0,0.0,1.0
0.7763598566753491,0.13975476175422402,1.0513149660756937,0.0,0.0,0.0,0.0,0.0,1.0,0.0,0.0,1.0,0.0
-1.647900826192158,0.9530745678805034,-0.9511897312113419,0.0,1.0,0.0,0.0,0.0,0.0,0.0,0.0,0.0,0.0
-1.1678393241504652,-0.44118795690740387,-0.9511897312113419,0.0,1.0,0.0,0.0,0.0,0.0,0.0,0.0,0.0,0.0
0.26885201096183464,-0.623769954201058,-0.9511897312113419,0.0,1.0,0.0,0.0,0.0,0.0,0.0,0.0,0.0,1.0
-0.5350763464073615,2.0817632784230944,1.0513149660756937,0.0,0.0,0.0,0.0,0.0,0.0,0.0,0.0,0.0,1.0
0.7359388778132112,-0.9391388586173706,1.0513149660756937,0.0,0.0,0.0,0.0,0.0,0.0,1.0,0.0,0.0,1.0
-1.3040729936487838,-1.8022537549146462,1.0513149660756937,0.0,0.0,0.0,1.0,0.0,0.0,1.0,0.0,0.0,1.0
1.2504330655522804,1.2020500187354868,1.0513149660756937,0.0,0.0,0.0,0.0,0.0,1.0,0.0,0.0,1.0,0.0
-0.34295194070460516,1.15225492856449,-0.9511897312113419,0.0,1.0,0.0,0.0,0.0,1.0,0.0,0.0,0.0,1.0
0.6905276546471051,-0.009630508758765763,1.0513149660756937,0.0,1.0,0.0,0.0,0.0,0.0,1.0,1.0,0.0,0.0
0.7539037573074945,-1.271106126424015,-0.9511897312113419,0.0,1.0,0.0,0.0,1.0,0.0,0.0,0.0,0.0,0.0
-0.8734149102163712,-0.35819613995574273,-0.9511897312113419,0.0,0.0,0.0,1.0,0.0,0.0,1.0,0.0,0.0,1.0
1.5703077254366105,-0.3084010497847459,1.0513149660756937,0.0,0.0,0.0,1.0,0.0,1.0,0.0,0.0,0.0,0.0
-0.47619146362054293,0.7704925705868487,1.0513149660756937,0.0,0.0,0.0,1.0,0.0,1.0,0.0,0.0,0.0,1.0
1.3048267284655286,0.5215171197318653,-0.9511897312113419,1.0,0.0,0.0,0.0,0.0,0.0,0.0,0.0,1.0,0.0
-0.6688148937536955,1.368033652638809,-0.9511897312113419,0.0,1.0,0.0,0.0,0.0,0.0,0.0,1.0,0.0,0.0
-0.018087036516307956,0.9530745678805034,-0.9511897312113419,0.0,0.0,1.0,0.0,0.0,0.0,1.0,0.0,1.0,0.0
0.44301153717030717,0.1895498519252208,1.0513149660756937,0.0,0.0,0.0,1.0,0.0,1.0,0.0,0.0,0.0,0.0
-0.9787090650300897,-1.0719257657400283,1.0513149660756937,0.0,0.0,1.0,0.0,0.0,0.0,0.0,0.0,0.0,1.0
-1.4777334954268595,0.20614821531555327,1.0513149660756937,0.0,0.0,0.0,0.0,0.0,1.0,0.0,0.0,0.0,0.0
-0.6608305028673477,-1.3374995799853437,1.0513149660756937,0.0,0.0,0.0,1.0,0.0,1.0,0.0,1.0,0.0,0.0
-0.24214900576445744,-0.839548678275377,-0.9511897312113419,0.0,0.0,1.0,0.0,0.0,0.0,0.0,1.0,0.0,0.0
-0.2581177875371543,0.5215171197318653,1.0513149660756937,0.0,0.0,0.0,0.0,1.0,0.0,0.0,1.0,0.0,0.0
1.6636252939208054,2.031968188252098,1.0513149660756937,1.0,0.0,0.0,0.0,0.0,0.0,1.0,0.0,1.0,0.0
0.8756657183243067,0.8700827509288422,-0.9511897312113419,0.0,0.0,0.0,0.0,1.0,0.0,0.0,0.0,1.0,0.0
-0.32848023222309897,1.1190582017838258,-0.9511897312113419,0.0,1.0,0.0,0.0,1.0,0.0,0.0,1.0,0.0,0.0
2.3912029134392965,1.467623832980802,-0.9511897312113419,1.0,0.0,0.0,0.0,0.0,1.0,0.0,1.0,0.0,0.0
-2.5631116315398335,0.35553348582854305,-0.9511897312113419,0.0,0.0,0.0,1.0,0.0,0.0,0.0,1.0,0.0,0.0
0.00536711171233988,1.7829927373971146,-0.9511897312113419,0.0,0.0,0.0,1.0,0.0,0.0,0.0,0.0,1.0,0.0
-1.2930944561800546,1.2020500187354868,-0.9511897312113419,1.0,0.0,0.0,0.0,0.0,0.0,1.0,0.0,1.0,0.0
-0.6847836755263924,0.9198778410998385,-0.9511897312113419,0.0,0.0,0.0,1.0,0.0,0.0,1.0,0.0,0.0,1.0
-0.6942651397039309,-0.9391388586173706,1.0513149660756937,0.0,0.0,1.0,0.0,0.0,1.0,0.0,0.0,0.0,0.0
-0.2885582777913574,1.0360663848321645,-0.9511897312113419,0.0,0.0,0.0,1.0,0.0,1.0,0.0,1.0,0.0,0.0
-2.607524805845146,-0.15901577927175614,-0.9511897312113419,0.0,1.0,0.0,0.0,1.0,0.0,0.0,0.0,1.0,0.0
0.1974915174150962,0.4385253027802042,-0.9511897312113419,1.0,0.0,0.0,0.0,0.0,1.0,0.0,0.0,0.0,0.0
-1.3594647054228253,-0.009630508758765763,-0.9511897312113419,0.0,1.0,0.0,0.0,1.0,0.0,0.0,1.0,0.0,0.0
-0.4971504896972069,-0.7067617711527191,1.0513149660756937,0.0,0.0,1.0,0.0,0.0,0.0,0.0,0.0,0.0,0.0
0.8237671775630422,-2.731762104773251,1.0513149660756937,0.0,1.0,0.0,0.0,0.0,1.0,0.0,0.0,1.0,0.0
1.5398672351824068,1.8825829177391082,-0.9511897312113419,1.0,0.0,0.0,0.0,1.0,0.0,0.0,1.0,0.0,0.0
-1.2861081141544999,-1.6030733942306596,-0.9511897312113419,0.0,0.0,0.0,0.0,0.0,0.0,0.0,0.0,0.0,1.0
0.6396271627466343,-1.2379093996433506,-0.9511897312113419,0.0,0.0,0.0,0.0,0.0,0.0,1.0,0.0,1.0,0.0
0.3342242113438116,0.7206974804158519,1.0513149660756937,0.0,0.0,1.0,0.0,1.0,0.0,0.0,1.0,0.0,0.0
0.5927188662893381,-0.4743846836880682,-0.9511897312113419,0.0,0.0,0.0,1.0,1.0,0.0,0.0,1.0,0.0,0.0
-1.2222329870637136,-0.4245895935170714,-0.9511897312113419,0.0,0.0,0.0,1.0,1.0,0.0,0.0,0.0,0.0,1.0
-0.7361831918572594,1.9987714614714331,-0.9511897312113419,0.0,0.0,0.0,0.0,0.0,0.0,1.0,1.0,0.0,0.0
0.45349105020863945,-0.07602396232009502,-0.9511897312113419,0.0,0.0,0.0,0.0,0.0,0.0,0.0,0.0,0.0,1.0
-0.8734149102163712,-1.9018439352566394,-0.9511897312113419,0.0,0.0,0.0,0.0,0.0,0.0,1.0,0.0,0.0,0.0
0.06525004335995224,-0.40799123012673955,-0.9511897312113419,0.0,1.0,0.0,0.0,0.0,0.0,0.0,0.0,0.0,0.0
1.9445760482341876,0.9198778410998385,1.0513149660756937,1.0,0.0,0.0,0.0,0.0,1.0,0.0,0.0,1.0,0.0
1.2589164808690256,0.07336130819289537,1.0513149660756937,0.0,0.0,0.0,0.0,0.0,0.0,1.0,0.0,0.0,1.0
1.230971112766807,-1.1715159460820215,1.0513149660756937,0.0,1.0,0.0,0.0,1.0,0.0,0.0,0.0,1.0,0.0
0.8537086433868484,-0.059425598929762555,-0.9511897312113419,0.0,0.0,1.0,0.0,0.0,0.0,0.0,0.0,0.0,1.0
-1.043083216551273,2.4801239997910676,-0.9511897312113419,0.0,0.0,0.0,0.0,1.0,0.0,0.0,1.0,0.0,0.0
-0.6743041624880601,-0.3084010497847459,1.0513149660756937,0.0,0.0,0.0,1.0,0.0,0.0,1.0,1.0,0.0,0.0
-0.5240978089386323,0.40532857599953986,1.0513149660756937,1.0,0.0,0.0,0.0,0.0,0.0,0.0,0.0,0.0,0.0
-0.5216026867866485,0.1895498519252208,-0.9511897312113419,0.0,0.0,0.0,1.0,0.0,0.0,1.0,0.0,0.0,0.0
-1.0181319950314345,-0.44118795690740387,1.0513149660756937,0.0,1.0,0.0,0.0,1.0,0.0,0.0,0.0,0.0,1.0
-0.15931095031859413,-1.038729038959364,1.0513149660756937,0.0,1.0,0.0,0.0,0.0,1.0,0.0,0.0,0.0,0.0
-1.0949817573125373,-0.3249994131750784,1.0513149660756937,0.0,0.0,0.0,1.0,0.0,1.0,0.0,0.0,0.0,0.0
-0.8684246659124034,-0.6735650443720548,-0.9511897312113419,0.0,1.0,0.0,0.0,0.0,0.0,1.0,0.0,0.0,0.0
1.5952589469564489,1.1854516553451544,1.0513149660756937,0.0,0.0,1.0,0.0,0.0,0.0,0.0,0.0,0.0,1.0
1.0338564627600824,0.23934494209621762,-0.9511897312113419,0.0,0.0,0.0,0.0,0.0,0.0,0.0,1.0,0.0,0.0
0.23192420311247378,1.0858614750031608,1.0513149660756937,1.0,0.0,0.0,0.0,0.0,0.0,1.0,1.0,0.0,0.0
-0.38337291956674363,-0.9059421318367062,-0.9511897312113419,0.0,0.0,1.0,0.0,1.0,0.0,0.0,0.0,0.0,0.0
-0.4058290189345983,-1.2213110362530184,-0.9511897312113419,0.0,0.0,1.0,0.0,0.0,0.0,0.0,0.0,0.0,1.0
1.9385877550694262,-1.6860652111823207,-0.9511897312113419,0.0,0.0,0.0,0.0,0.0,1.0,0.0,1.0,0.0,0.0
-0.8299997847718525,0.4717220295608685,-0.9511897312113419,1.0,0.0,0.0,0.0,0.0,1.0,0.0,0.0,1.0,0.0
-0.07747094373352344,-1.785655391524314,-0.9511897312113419,0.0,0.0,0.0,1.0,0.0,1.0,0.0,0.0,0.0,0.0
-0.194242660446368,-0.5573765006397293,1.0513149660756937,0.0,0.0,0.0,1.0,1.0,0.0,0.0,0.0,1.0,0.0
-0.6862807488175825,1.2684434722968154,1.0513149660756937,0.0,0.0,0.0,0.0,0.0,1.0,0.0,1.0,0.0,0.0
-0.9008612538881935,-1.420491396937005,1.0513149660756937,0.0,0.0,0.0,1.0,0.0,0.0,1.0,0.0,0.0,1.0
-0.6209085484356062,0.1563531251445565,1.0513149660756937,0.0,0.0,0.0,1.0,1.0,0.0,0.0,0.0,0.0,0.0
1.1980355003606196,1.9655747346907695,-0.9511897312113419,0.0,0.0,1.0,0.0,0.0,0.0,0.0,1.0,0.0,0.0
0.19449737083271607,-1.3540979433756763,-0.9511897312113419,0.0,0.0,0.0,0.0,0.0,0.0,1.0,0.0,1.0,0.0
-0.7860856348969365,-0.14241741588142368,-0.9511897312113419,0.0,1.0,0.0,0.0,0.0,0.0,1.0,1.0,0.0,0.0
-1.3998856842849632,-0.14241741588142368,1.0513149660756937,0.0,0.0,1.0,0.0,0.0,0.0,0.0,1.0,0.0,0.0
-0.27658169146183503,-0.524179773859065,1.0513149660756937,0.0,0.0,1.0,0.0,0.0,0.0,0.0,1.0,0.0,0.0
1.5094267449282044,1.6668041936647886,-0.9511897312113419,0.0,0.0,0.0,1.0,0.0,0.0,0.0,0.0,0.0,1.0
-0.6777973335008378,1.2020500187354868,1.0513149660756937,0.0,0.0,0.0,1.0,0.0,0.0,1.0,0.0,0.0,1.0
1.9810048316531517,-1.4868848504983339,-0.9511897312113419,0.0,1.0,0.0,0.0,0.0,1.0,0.0,0.0,0.0,1.0
1.175579400992765,-1.271106126424015,-0.9511897312113419,0.0,0.0,1.0,0.0,0.0,0.0,1.0,0.0,1.0,0.0
-0.41630853197293055,1.0692631116128288,1.0513149660756937,0.0,0.0,0.0,0.0,0.0,0.0,0.0,1.0,0.0,0.0
-0.3928543837442821,0.936476204490171,1.0513149660756937,0.0,0.0,0.0,1.0,0.0,1.0,0.0,0.0,0.0,0.0
-0.6912709931215502,-0.1922125060524205,-0.9511897312113419,0.0,0.0,0.0,1.0,0.0,0.0,1.0,0.0,0.0,1.0
0.7833461987009044,-1.4702864871080017,-0.9511897312113419,1.0,0.0,0.0,0.0,0.0,0.0,1.0,0.0,1.0,0.0
0.06724614108153978,0.7206974804158519,-0.9511897312113419,1.0,0.0,0.0,0.0,0.0,1.0,0.0,0.0,0.0,1.0
0.37963543450991716,-0.7731552247140484,-0.9511897312113419,0.0,0.0,1.0,0.0,0.0,0.0,1.0,1.0,0.0,0.0
-1.0056563842715152,0.7372958438061844,-0.9511897312113419,0.0,0.0,1.0,0.0,0.0,1.0,0.0,0.0,1.0,0.0
-1.1149427345284082,-0.4245895935170714,-0.9511897312113419,0.0,0.0,1.0,0.0,0.0,0.0,1.0,0.0,1.0,0.0
1.6162179730331123,2.413730546229739,-0.9511897312113419,0.0,1.0,0.0,0.0,0.0,1.0,0.0,0.0,0.0,1.0
-0.7461636804651949,2.7622961774267156,1.0513149660756937,0.0,0.0,0.0,0.0,0.0,0.0,0.0,1.0,0.0,0.0
1.2664018473249772,-1.3540979433756763,1.0513149660756937,1.0,0.0,0.0,0.0,0.0,0.0,0.0,0.0,0.0,0.0
0.3866217765354724,1.0360663848321645,-0.9511897312113419,0.0,1.0,0.0,0.0,0.0,0.0,1.0,0.0,0.0,0.0
-0.856947104013278,-0.524179773859065,-0.9511897312113419,1.0,0.0,0.0,0.0,0.0,1.0,0.0,0.0,1.0,0.0
0.4994012978051419,-0.972335585398035,-0.9511897312113419,0.0,0.0,0.0,1.0,1.0,0.0,0.0,0.0,1.0,0.0
2.490009750657857,-1.5864750308403273,-0.9511897312113419,0.0,0.0,0.0,1.0,0.0,0.0,0.0,0.0,1.0,0.0
-1.2581627460522806,-1.4370897603273374,1.0513149660756937,0.0,0.0,0.0,1.0,1.0,0.0,0.0,0.0,0.0,0.0
0.6630813109752827,-1.9848357522083007,-0.9511897312113419,0.0,0.0,1.0,0.0,0.0,1.0,0.0,0.0,0.0,1.0
-0.3943514570354722,-0.3249994131750784,1.0513149660756937,0.0,0.0,0.0,0.0,0.0,0.0,0.0,0.0,0.0,0.0
-1.9123837743024459,0.20614821531555327,1.0513149660756937,0.0,0.0,0.0,0.0,1.0,0.0,0.0,0.0,1.0,0.0
-0.7900778303401109,-1.9018439352566394,-0.9511897312113419,0.0,0.0,0.0,1.0,1.0,0.0,0.0,0.0,0.0,0.0
1.2629086763121995,-0.07602396232009502,1.0513149660756937,0.0,0.0,0.0,1.0,1.0,0.0,0.0,0.0,1.0,0.0
0.49790422451395183,-0.6071715908107261,-0.9511897312113419,0.0,0.0,0.0,0.0,0.0,0.0,0.0,1.0,0.0,0.0
-0.6538441608417924,2.314140365887745,-0.9511897312113419,0.0,1.0,0.0,0.0,1.0,0.0,0.0,0.0,1.0,0.0
-0.2840670579177866,0.7704925705868487,1.0513149660756937,0.0,0.0,1.0,0.0,0.0,1.0,0.0,0.0,1.0,0.0
-0.3943514570354722,1.2684434722968154,-0.9511897312113419,0.0,0.0,0.0,1.0,0.0,0.0,1.0,0.0,1.0,0.0
-1.6833315607503287,0.5049187563415328,1.0513149660756937,0.0,0.0,0.0,1.0,0.0,1.0,0.0,1.0,0.0,0.0
-0.07697191930312712,0.0567629448025629,-0.9511897312113419,0.0,0.0,0.0,1.0,0.0,0.0,1.0,0.0,0.0,1.0
-0.7945690502136817,0.13975476175422402,-0.9511897312113419,0.0,1.0,0.0,0.0,0.0,1.0,0.0,0.0,0.0,0.0
-1.3260300685862416,-0.7897535881043802,1.0513149660756937,0.0,0.0,0.0,1.0,0.0,0.0,0.0,0.0,0.0,0.0
0.3392144556477793,0.08995967158322724,1.0513149660756937,0.0,0.0,1.0,0.0,1.0,0.0,0.0,0.0,1.0,0.0
-1.4193476370704377,-1.852048845085643,-0.9511897312113419,0.0,1.0,0.0,0.0,0.0,0.0,0.0,1.0,0.0,0.0
0.023831015637020586,-0.39139286673640705,-0.9511897312113419,0.0,1.0,0.0,0.0,1.0,0.0,0.0,0.0,0.0,1.0
-0.6313880614739379,-0.9059421318367062,-0.9511897312113419,0.0,1.0,0.0,0.0,0.0,0.0,0.0,0.0,1.0,0.0
0.661584237684092,0.936476204490171,1.0513149660756937,1.0,0.0,0.0,0.0,0.0,0.0,1.0,0.0,0.0,1.0
-0.989188578068422,-0.026228872149098224,1.0513149660756937,0.0,0.0,0.0,0.0,0.0,1.0,0.0,0.0,1.0,0.0
-0.09543582322780726,0.04016458141223103,1.0513149660756937,0.0,0.0,0.0,0.0,0.0,0.0,1.0,0.0,1.0,0.0
0.7708705879409851,0.5713122099028621,1.0513149660756937,0.0,1.0,0.0,0.0,0.0,0.0,0.0,0.0,1.0,0.0
1.3033296551743385,0.8866811143191742,-0.9511897312113419,0.0,0.0,0.0,0.0,0.0,0.0,1.0,1.0,0.0,0.0
-0.4397626802015784,-0.7067617711527191,1.0513149660756937,1.0,0.0,0.0,0.0,0.0,0.0,1.0,0.0,1.0,0.0
-0.9387871105983481,-0.009630508758765763,-0.9511897312113419,1.0,0.0,0.0,0.0,0.0,1.0,0.0,0.0,1.0,0.0
1.4754930836612241,1.60041074010346,-0.9511897312113419,0.0,0.0,1.0,0.0,1.0,0.0,0.0,0.0,0.0,1.0
-0.9088456447745419,0.4551236661705367,1.0513149660756937,0.0,0.0,1.0,0.0,0.0,0.0,0.0,0.0,0.0,1.0
-0.22168900411819034,0.7372958438061844,-0.9511897312113419,0.0,1.0,0.0,0.0,0.0,0.0,0.0,1.0,0.0,0.0
-1.336010557194177,-0.4909830470784006,-0.9511897312113419,1.0,0.0,0.0,0.0,0.0,1.0,0.0,1.0,0.0,0.0
-0.7426705094524179,-0.25860595961374916,1.0513149660756937,0.0,0.0,0.0,1.0,0.0,1.0,0.0,1.0,0.0,0.0
1.0468310979503985,0.17295148853488837,1.0513149660756937,1.0,0.0,0.0,0.0,0.0,1.0,0.0,0.0,1.0,0.0
-1.0465763875640506,1.0526647482224964,-0.9511897312113419,0.0,0.0,1.0,0.0,1.0,0.0,0.0,0.0,0.0,0.0
0.21595542133977694,0.6709023902448551,1.0513149660756937,1.0,0.0,0.0,0.0,0.0,1.0,0.0,0.0,0.0,1.0
-0.017588012085911073,0.08995967158322724,-0.9511897312113419,1.0,0.0,0.0,0.0,0.0,1.0,0.0,0.0,0.0,1.0
0.08970224044939441,0.8534843875385099,1.0513149660756937,0.0,1.0,0.0,0.0,0.0,1.0,0.0,0.0,1.0,0.0
1.4754930836612241,0.006967854631566108,1.0513149660756937,0.0,0.0,0.0,0.0,0.0,0.0,0.0,0.0,0.0,1.0
0.6990110699638498,0.12315639836389215,-0.9511897312113419,0.0,1.0,0.0,0.0,0.0,1.0,0.0,1.0,0.0,0.0
2.193589239002175,0.7040991170255201,1.0513149660756937,0.0,0.0,0.0,1.0,1.0,0.0,0.0,0.0,0.0,0.0
0.5627774004655319,-0.3415977765654103,-0.9511897312113419,0.0,1.0,0.0,0.0,0.0,0.0,1.0,0.0,0.0,0.0
-0.3125114504504021,-0.10922068910075935,1.0513149660756937,0.0,1.0,0.0,0.0,1.0,0.0,0.0,0.0,0.0,0.0
-0.24264803019485434,-2.333401383405277,-0.9511897312113419,0.0,0.0,1.0,0.0,0.0,1.0,0.0,0.0,0.0,0.0
0.8332486417405813,1.8161894641777785,1.0513149660756937,0.0,0.0,1.0,0.0,1.0,0.0,0.0,0.0,1.0,0.0
-1.9393310935438715,0.006967854631566108,1.0513149660756937,0.0,0.0,0.0,0.0,0.0,0.0,1.0,0.0,1.0,0.0
-0.20422314905430342,-0.5075814104687325,1.0513149660756937,0.0,0.0,1.0,0.0,0.0,1.0,0.0,0.0,0.0,0.0
0.7045003386982144,0.936476204490171,1.0513149660756937,0.0,0.0,0.0,0.0,0.0,0.0,0.0,1.0,0.0,0.0
-0.5011426851403814,0.2891400322672144,1.0513149660756937,0.0,0.0,1.0,0.0,0.0,0.0,0.0,1.0,0.0,0.0
-0.10042606753177497,0.7538942071965162,1.0513149660756937,0.0,0.0,0.0,1.0,0.0,0.0,0.0,0.0,0.0,1.0
-1.0331027279433376,-0.7731552247140484,1.0513149660756937,1.0,0.0,0.0,0.0,0.0,0.0,1.0,1.0,0.0,0.0
-0.7960661235048718,0.5381154831221978,1.0513149660756937,1.0,0.0,0.0,0.0,0.0,0.0,1.0,1.0,0.0,0.0
-0.5754973252694999,0.1065580349735597,1.0513149660756937,0.0,1.0,0.0,0.0,0.0,0.0,0.0,1.0,0.0,0.0
-1.4408056875774986,0.40532857599953986,-0.9511897312113419,1.0,0.0,0.0,0.0,1.0,0.0,0.0,0.0,0.0,0.0
-0.5405656151417261,1.251845108906483,1.0513149660756937,0.0,1.0,0.0,0.0,1.0,0.0,0.0,0.0,0.0,1.0
0.7174749738885305,-0.4245895935170714,-0.9511897312113419,0.0,1.0,0.0,0.0,1.0,0.0,0.0,1.0,0.0,0.0
0.18751102880716083,1.3016401990774797,1.0513149660756937,0.0,0.0,0.0,1.0,0.0,1.0,0.0,0.0,1.0,0.0
0.4989022733747456,1.6502058302744567,-0.9511897312113419,0.0,0.0,0.0,0.0,1.0,0.0,0.0,0.0,1.0,0.0
-0.006110450186785597,1.0028696580514995,-0.9511897312113419,0.0,0.0,0.0,0.0,1.0,0.0,0.0,0.0,1.0,0.0
-1.4243378813744054,-0.1258190524910912,1.0513149660756937,1.0,0.0,0.0,0.0,0.0,1.0,0.0,0.0,0.0,0.0
-0.27907681361381886,0.006967854631566108,1.0513149660756937,1.0,0.0,0.0,0.0,0.0,1.0,0.0,1.0,0.0,0.0
-0.029564598415434,0.587910573293194,1.0513149660756937,0.0,0.0,0.0,1.0,0.0,0.0,0.0,0.0,0.0,0.0
-0.577493422991087,1.5008205597614663,-0.9511897312113419,0.0,1.0,0.0,0.0,0.0,1.0,0.0,0.0,1.0,0.0
-0.362912917920476,0.7704925705868487,1.0513149660756937,0.0,1.0,0.0,0.0,0.0,0.0,0.0,0.0,0.0,1.0
-0.7286978254013079,-0.4743846836880682,1.0513149660756937,0.0,0.0,0.0,1.0,0.0,0.0,1.0,0.0,0.0,1.0
0.04778418829606531,-1.5864750308403273,-0.9511897312113419,0.0,0.0,1.0,0.0,0.0,0.0,1.0,0.0,1.0,0.0
1.5867755316397036,-0.2918026863944135,1.0513149660756937,1.0,0.0,0.0,0.0,0.0,0.0,1.0,0.0,0.0,0.0
-2.9578399559836783,-0.9391388586173706,1.0513149660756937,1.0,0.0,0.0,0.0,0.0,0.0,0.0,1.0,0.0,0.0
-0.44874511994872057,0.08995967158322724,-0.9511897312113419,1.0,0.0,0.0,0.0,0.0,0.0,0.0,0.0,0.0,0.0
0.6860364347735343,0.04016458141223103,1.0513149660756937,0.0,0.0,1.0,0.0,0.0,1.0,0.0,0.0,0.0,0.0
0.6995100943942467,-0.5905732274203936,1.0513149660756937,0.0,1.0,0.0,0.0,0.0,1.0,0.0,0.0,1.0,0.0
1.7474613982274636,0.3389351224382106,1.0513149660756937,0.0,0.0,0.0,0.0,0.0,0.0,0.0,0.0,0.0,1.0
0.7214671693317044,-0.20881086944275234,1.0513149660756937,1.0,0.0,0.0,0.0,1.0,0.0,0.0,1.0,0.0,0.0
1.2454428212483126,-0.6403683175913905,-0.9511897312113419,0.0,1.0,0.0,0.0,0.0,1.0,0.0,1.0,0.0,0.0
-0.3843709684275368,0.04016458141223103,1.0513149660756937,0.0,0.0,1.0,0.0,0.0,0.0,0.0,0.0,0.0,1.0
-0.7656256332506693,0.587910573293194,-0.9511897312113419,1.0,0.0,0.0,0.0,0.0,0.0,1.0,1.0,0.0,0.0
-0.362912917920476,1.9821730980811008,-0.9511897312113419,0.0,0.0,0.0,0.0,0.0,0.0,1.0,0.0,0.0,0.0
-0.4093221899473753,2.264345275716749,1.0513149660756937,0.0,1.0,0.0,0.0,1.0,0.0,0.0,0.0,1.0,0.0
-0.7661246576810656,-0.15901577927175614,1.0513149660756937,0.0,0.0,0.0,1.0,0.0,0.0,1.0,0.0,0.0,1.0
-0.5036378072923653,-0.09262232571042689,1.0513149660756937,0.0,1.0,0.0,0.0,0.0,1.0,0.0,0.0,1.0,0.0
-0.8544519818612941,-1.503483213888666,1.0513149660756937,1.0,0.0,0.0,0.0,1.0,0.0,0.0,1.0,0.0,0.0
-0.07747094373352344,-0.39139286673640705,-0.9511897312113419,1.0,0.0,0.0,0.0,0.0,0.0,1.0,0.0,0.0,1.0
0.876164742754703,1.1190582017838258,-0.9511897312113419,0.0,0.0,0.0,0.0,0.0,0.0,0.0,0.0,1.0,0.0
1.2908540444144194,-0.9889339487883672,-0.9511897312113419,0.0,1.0,0.0,0.0,0.0,0.0,0.0,0.0,1.0,0.0
0.2623646933666763,1.7000009204454536,-0.9511897312113419,0.0,1.0,0.0,0.0,0.0,0.0,1.0,1.0,0.0,0.0
0.16755005159129005,-0.059425598929762555,1.0513149660756937,0.0,1.0,0.0,0.0,0.0,1.0,0.0,0.0,0.0,0.0
0.8332486417405813,-0.009630508758765763,-0.9511897312113419,1.0,0.0,0.0,0.0,0.0,1.0,0.0,0.0,0.0,1.0
0.5493037408448189,-0.24200759622341728,1.0513149660756937,0.0,1.0,0.0,0.0,0.0,0.0,1.0,0.0,1.0,0.0
0.19499639526311238,0.4717220295608685,1.0513149660756937,0.0,0.0,0.0,1.0,0.0,0.0,0.0,0.0,0.0,0.0
0.7429252198387659,-2.150819386111623,1.0513149660756937,1.0,0.0,0.0,0.0,0.0,0.0,1.0,0.0,0.0,0.0
-0.20821534449747733,1.384632016029141,1.0513149660756937,0.0,0.0,0.0,1.0,0.0,0.0,0.0,0.0,0.0,0.0
1.154121350485704,-1.7524586647436493,-0.9511897312113419,0.0,0.0,1.0,0.0,0.0,1.0,0.0,1.0,0.0,0.0
-0.8499607619877233,-0.39139286673640705,-0.9511897312113419,0.0,0.0,0.0,1.0,0.0,1.0,0.0,1.0,0.0,0.0
0.1835188333639869,0.6709023902448551,-0.9511897312113419,0.0,1.0,0.0,0.0,1.0,0.0,0.0,0.0,0.0,0.0
-0.22118997968779347,-1.4536881237176695,-0.9511897312113419,0.0,0.0,1.0,0.0,1.0,0.0,0.0,0.0,0.0,0.0
-0.8574461284436748,-2.1176226593309586,1.0513149660756937,0.0,1.0,0.0,0.0,0.0,0.0,1.0,1.0,0.0,0.0
0.07423248310709445,1.0858614750031608,-0.9511897312113419,0.0,0.0,0.0,1.0,0.0,0.0,0.0,0.0,0.0,1.0
-0.47369634146855905,-1.2545077630336827,1.0513149660756937,0.0,1.0,0.0,0.0,0.0,1.0,0.0,0.0,0.0,1.0
-1.2037690831390329,0.6543040268545233,1.0513149660756937,0.0,1.0,0.0,0.0,0.0,0.0,0.0,0.0,0.0,1.0
0.6975139966726597,0.7372958438061844,1.0513149660756937,0.0,1.0,0.0,0.0,0.0,0.0,1.0,1.0,0.0,0.0
1.1915481827654617,-1.9184422986469716,-0.9511897312113419,0.0,0.0,0.0,1.0,0.0,0.0,0.0,1.0,0.0,0.0
0.7728666856625721,-2.79815555833458,1.0513149660756937,1.0,0.0,0.0,0.0,0.0,0.0,0.0,1.0,0.0,0.0
-0.37738462640198217,-2.366598110185942,1.0513149660756937,0.0,1.0,0.0,0.0,1.0,0.0,0.0,0.0,1.0,0.0
-0.0934397255062203,-0.14241741588142368,-0.9511897312113419,0.0,1.0,0.0,0.0,0.0,1.0,0.0,0.0,0.0,1.0
-2.243735996085901,0.23934494209621762,1.0513149660756937,1.0,0.0,0.0,0.0,1.0,0.0,0.0,1.0,0.0,0.0
-0.34444901399579525,-0.2918026863944135,-0.9511897312113419,0.0,0.0,0.0,1.0,0.0,0.0,1.0,0.0,0.0,0.0
0.25887152235389926,-0.7565568613237159,-0.9511897312113419,0.0,0.0,0.0,1.0,0.0,1.0,0.0,0.0,0.0,0.0
1.2334662349187908,-0.9557372220077025,-0.9511897312113419,1.0,0.0,0.0,0.0,0.0,0.0,0.0,0.0,0.0,1.0
-1.3140534822567191,-0.7897535881043802,-0.9511897312113419,0.0,0.0,0.0,0.0,0.0,1.0,0.0,1.0,0.0,0.0
-3.032693620543194,-0.7897535881043802,-0.9511897312113419,0.0,0.0,1.0,0.0,0.0,0.0,0.0,0.0,0.0,0.0
0.8237671775630422,-0.3415977765654103,1.0513149660756937,0.0,0.0,1.0,0.0,0.0,0.0,1.0,1.0,0.0,0.0
1.2933491665664032,0.4385253027802042,1.0513149660756937,0.0,1.0,0.0,0.0,0.0,0.0,0.0,0.0,0.0,0.0
0.8242662019934391,0.6875007536351876,-0.9511897312113419,1.0,0.0,0.0,0.0,0.0,0.0,0.0,0.0,0.0,1.0
0.3062788432415924,-0.3249994131750784,-0.9511897312113419,1.0,0.0,0.0,0.0,1.0,0.0,0.0,1.0,0.0,0.0
-0.032558744997814165,0.006967854631566108,-0.9511897312113419,0.0,0.0,0.0,1.0,0.0,1.0,0.0,0.0,1.0,0.0
-1.0710285846534922,0.27254166887688197,-0.9511897312113419,0.0,0.0,1.0,0.0,0.0,1.0,0.0,1.0,0.0,0.0
1.456530155306146,-0.14241741588142368,1.0513149660756937,0.0,1.0,0.0,0.0,0.0,1.0,0.0,1.0,0.0,0.0
0.24889103374596386,0.1895498519252208,1.0513149660756937,0.0,0.0,0.0,0.0,0.0,1.0,0.0,0.0,0.0,0.0
0.17254029589525774,0.0567629448025629,1.0513149660756937,0.0,0.0,0.0,0.0,0.0,1.0,0.0,1.0,0.0,0.0
-0.8594422261652618,0.8534843875385099,1.0513149660756937,0.0,0.0,0.0,0.0,0.0,0.0,1.0,0.0,1.0,0.0
0.6850383859127405,-0.4245895935170714,1.0513149660756937,0.0,0.0,1.0,0.0,0.0,1.0,0.0,1.0,0.0,0.0
0.8951276711097806,-0.009630508758765763,-0.9511897312113419,0.0,1.0,0.0,0.0,1.0,0.0,0.0,0.0,0.0,0.0
-0.0689875284167787,0.6377056634641908,-0.9511897312113419,1.0,0.0,0.0,0.0,1.0,0.0,0.0,0.0,0.0,1.0
-0.4033338967826144,-0.059425598929762555,1.0513149660756937,0.0,0.0,1.0,0.0,0.0,1.0,0.0,0.0,0.0,1.0
-0.5340782975465678,-2.366598110185942,1.0513149660756937,0.0,0.0,1.0,0.0,1.0,0.0,0.0,1.0,0.0,0.0
0.6146759412267958,-1.3043028532046794,-0.9511897312113419,0.0,0.0,0.0,1.0,1.0,0.0,0.0,0.0,0.0,1.0
-0.8329939313542333,-0.8229503148850451,-0.9511897312113419,1.0,0.0,0.0,0.0,0.0,0.0,0.0,0.0,0.0,1.0
1.4136140542920244,-0.9889339487883672,-0.9511897312113419,0.0,0.0,1.0,0.0,0.0,0.0,1.0,0.0,0.0,1.0
1.5268925999920913,0.1895498519252208,-0.9511897312113419,1.0,0.0,0.0,0.0,1.0,0.0,0.0,1.0,0.0,0.0
-0.0689875284167787,-0.3415977765654103,-0.9511897312113419,1.0,0.0,0.0,0.0,1.0,0.0,0.0,1.0,0.0,0.0
-0.6403705012210801,-0.1258190524910912,-0.9511897312113419,0.0,0.0,0.0,0.0,1.0,0.0,0.0,0.0,0.0,1.0
-1.9932257320267226,-1.2545077630336827,1.0513149660756937,1.0,0.0,0.0,0.0,0.0,1.0,0.0,1.0,0.0,0.0
1.0348545116208763,-1.8354504816953106,1.0513149660756937,0.0,0.0,0.0,1.0,0.0,0.0,0.0,0.0,0.0,1.0
-0.008605572338769445,0.4385253027802042,-0.9511897312113419,0.0,1.0,0.0,0.0,0.0,1.0,0.0,0.0,1.0,0.0
-0.8754110079379587,-0.5905732274203936,-0.9511897312113419,1.0,0.0,0.0,0.0,0.0,0.0,1.0,0.0,0.0,0.0
-1.1154417589588044,-0.39139286673640705,1.0513149660756937,0.0,0.0,0.0,0.0,0.0,1.0,0.0,0.0,1.0,0.0
-1.7916198621464277,0.1563531251445565,1.0513149660756937,1.0,0.0,0.0,0.0,0.0,0.0,0.0,1.0,0.0,0.0
0.7504105862947175,1.251845108906483,-0.9511897312113419,0.0,0.0,0.0,0.0,0.0,0.0,1.0,1.0,0.0,0.0
0.662083262114489,0.0567629448025629,1.0513149660756937,0.0,1.0,0.0,0.0,0.0,0.0,1.0,0.0,0.0,0.0
-1.2262251825068875,0.8368860241481774,1.0513149660756937,0.0,0.0,0.0,0.0,1.0,0.0,0.0,1.0,0.0,0.0
1.4525379598629722,0.7870909339771812,1.0513149660756937,0.0,1.0,0.0,0.0,0.0,0.0,1.0,0.0,0.0,0.0
-1.0001671155371512,-1.9018439352566394,-0.9511897312113419,0.0,1.0,0.0,0.0,0.0,0.0,1.0,0.0,0.0,1.0
0.6421222848986181,1.235246745516151,-0.9511897312113419,0.0,0.0,0.0,0.0,0.0,0.0,1.0,1.0,0.0,0.0
-0.6044407422325124,0.02356621802189857,1.0513149660756937,0.0,0.0,0.0,1.0,1.0,0.0,0.0,1.0,0.0,0.0
0.14259883007145155,-1.4370897603273374,1.0513149660756937,1.0,0.0,0.0,0.0,1.0,0.0,0.0,0.0,1.0,0.0
0.40608372932094633,-1.0719257657400283,1.0513149660756937,0.0,0.0,0.0,0.0,0.0,0.0,0.0,1.0,0.0,0.0
0.22443883665652226,-1.6030733942306596,-0.9511897312113419,1.0,0.0,0.0,0.0,0.0,0.0,0.0,1.0,0.0,0.0
1.5987521179692255,-0.6735650443720548,-0.9511897312113419,0.0,0.0,0.0,0.0,0.0,0.0,0.0,0.0,0.0,1.0
0.19050517538954156,-0.2752043230040816,1.0513149660756937,0.0,0.0,0.0,0.0,1.0,0.0,0.0,1.0,0.0,0.0
0.5063876398306971,0.35553348582854305,1.0513149660756937,0.0,0.0,0.0,0.0,0.0,0.0,0.0,0.0,1.0,0.0
0.5577871561615642,-0.15901577927175614,1.0513149660756937,0.0,0.0,0.0,1.0,1.0,0.0,0.0,0.0,0.0,0.0
0.3636666527372209,-0.9889339487883672,1.0513149660756937,0.0,1.0,0.0,0.0,1.0,0.0,0.0,0.0,0.0,0.0
0.7334437556612273,2.5133207265717323,1.0513149660756937,0.0,0.0,0.0,0.0,0.0,0.0,0.0,0.0,0.0,1.0
0.5473076431232319,0.9696729312708353,-0.9511897312113419,0.0,1.0,0.0,0.0,1.0,0.0,0.0,0.0,0.0,0.0
-0.9318007685727935,0.17295148853488837,-0.9511897312113419,0.0,0.0,1.0,0.0,0.0,0.0,0.0,0.0,0.0,1.0
0.6081886236316381,-1.0885241291303605,1.0513149660756937,0.0,0.0,1.0,0.0,1.0,0.0,0.0,0.0,0.0,0.0
-0.16929143892652954,-1.636270121011324,-0.9511897312113419,1.0,0.0,0.0,0.0,0.0,0.0,0.0,0.0,0.0,0.0
0.9924374350371508,0.12315639836389215,-0.9511897312113419,0.0,0.0,0.0,1.0,0.0,0.0,1.0,0.0,0.0,0.0
-0.6782963579312347,-0.1258190524910912,-0.9511897312113419,0.0,0.0,1.0,0.0,0.0,0.0,1.0,0.0,0.0,1.0
1.4560311308757496,-0.739958497933384,1.0513149660756937,0.0,0.0,0.0,0.0,1.0,0.0,0.0,0.0,0.0,0.0
-0.249634372220409,0.6377056634641908,1.0513149660756937,0.0,0.0,0.0,1.0,0.0,0.0,0.0,0.0,1.0,0.0
-0.0734787482903495,-1.8022537549146462,-0.9511897312113419,0.0,0.0,0.0,0.0,1.0,0.0,0.0,1.0,0.0,0.0
0.04778418829606531,-0.5407781372493968,1.0513149660756937,0.0,0.0,1.0,0.0,0.0,1.0,0.0,0.0,0.0,0.0
-0.30951730386802134,-0.39139286673640705,-0.9511897312113419,0.0,0.0,0.0,0.0,0.0,0.0,0.0,0.0,1.0,0.0
0.5997052083148927,-2.5491801074795966,1.0513149660756937,1.0,0.0,0.0,0.0,0.0,0.0,1.0,0.0,0.0,1.0
0.6940208256598821,-1.0885241291303605,1.0513149660756937,0.0,0.0,0.0,1.0,1.0,0.0,0.0,1.0,0.0,0.0
-0.757142217933924,-1.1715159460820215,1.0513149660756937,0.0,0.0,0.0,0.0,0.0,0.0,0.0,0.0,0.0,0.0
-0.10940850727891716,0.7040991170255201,-0.9511897312113419,1.0,0.0,0.0,0.0,0.0,0.0,0.0,0.0,0.0,1.0
-1.6129691160643842,0.1895498519252208,-0.9511897312113419,1.0,0.0,0.0,0.0,0.0,1.0,0.0,1.0,0.0,0.0
-0.906849547052955,0.9862712946611677,1.0513149660756937,0.0,0.0,1.0,0.0,0.0,1.0,0.0,0.0,0.0,1.0
1.306822826187115,-0.15901577927175614,1.0513149660756937,0.0,0.0,0.0,1.0,0.0,0.0,1.0,0.0,0.0,0.0
